21:13:37 [INFO] __main__: ============================================================
21:13:37 [INFO] __main__: BTC 5-Minute Strategy started
21:13:37 [INFO] __main__:   Bankroll: $5000
21:13:37 [INFO] __main__:   Kelly fraction: 20%
21:13:37 [INFO] __main__:   Min edge: 3%
21:13:37 [INFO] __main__:   Entry deadline: 180s before expiry
21:13:37 [INFO] __main__:   Dry run: True
21:13:37 [INFO] __main__: ============================================================
21:13:37 [INFO] __main__: Building BTC price history...
21:13:37 [DEBUG] urllib3.connectionpool: Starting new HTTPS connection (1): api.binance.com:443
21:13:38 [DEBUG] urllib3.connectionpool: https://api.binance.com:443 "GET /api/v3/ticker/price?symbol=BTCUSDT HTTP/1.1" 200 45
21:13:39 [DEBUG] urllib3.connectionpool: https://api.binance.com:443 "GET /api/v3/ticker/price?symbol=BTCUSDT HTTP/1.1" 200 45
21:13:39 [DEBUG] urllib3.connectionpool: https://api.binance.com:443 "GET /api/v3/ticker/price?symbol=BTCUSDT HTTP/1.1" 200 45
21:13:40 [DEBUG] urllib3.connectionpool: https://api.binance.com:443 "GET /api/v3/ticker/price?symbol=BTCUSDT HTTP/1.1" 200 45
21:13:41 [DEBUG] urllib3.connectionpool: https://api.binance.com:443 "GET /api/v3/ticker/price?symbol=BTCUSDT HTTP/1.1" 200 45
21:13:41 [DEBUG] urllib3.connectionpool: https://api.binance.com:443 "GET /api/v3/ticker/price?symbol=BTCUSDT HTTP/1.1" 200 45
21:13:42 [DEBUG] urllib3.connectionpool: https://api.binance.com:443 "GET /api/v3/ticker/price?symbol=BTCUSDT HTTP/1.1" 200 45
21:13:42 [DEBUG] urllib3.connectionpool: https://api.binance.com:443 "GET /api/v3/ticker/price?symbol=BTCUSDT HTTP/1.1" 200 45
21:13:43 [DEBUG] urllib3.connectionpool: https://api.binance.com:443 "GET /api/v3/ticker/price?symbol=BTCUSDT HTTP/1.1" 200 45
21:13:44 [DEBUG] urllib3.connectionpool: https://api.binance.com:443 "GET /api/v3/ticker/price?symbol=BTCUSDT HTTP/1.1" 200 45
21:13:44 [INFO] __main__: BTC price: $82115.18
21:13:44 [DEBUG] urllib3.connectionpool: https://api.binance.com:443 "GET /api/v3/ticker/price?symbol=BTCUSDT HTTP/1.1" 200 45
21:13:44 [DEBUG] urllib3.connectionpool: Starting new HTTPS connection (1): gamma-api.polymarket.com:443
21:13:45 [DEBUG] urllib3.connectionpool: https://gamma-api.polymarket.com:443 "GET /events/slug/btc-updown-5m-1778073000 HTTP/1.1" 200 None
21:13:45 [INFO] __main__: NEW WINDOW: btc-updown-5m-1778073000 | btc=$82115.19 | ends=13:15:00
21:13:45 [DEBUG] __main__: Only 74s left, skipping this window
21:13:46 [DEBUG] urllib3.connectionpool: https://api.binance.com:443 "GET /api/v3/ticker/price?symbol=BTCUSDT HTTP/1.1" 200 45
21:13:46 [DEBUG] __main__: Only 74s left, skipping this window
21:13:47 [DEBUG] urllib3.connectionpool: https://api.binance.com:443 "GET /api/v3/ticker/price?symbol=BTCUSDT HTTP/1.1" 200 45
21:13:47 [DEBUG] __main__: Only 73s left, skipping this window
21:13:47 [DEBUG] urllib3.connectionpool: https://api.binance.com:443 "GET /api/v3/ticker/price?symbol=BTCUSDT HTTP/1.1" 200 45
21:13:47 [DEBUG] __main__: Only 72s left, skipping this window
21:13:48 [DEBUG] urllib3.connectionpool: https://api.binance.com:443 "GET /api/v3/ticker/price?symbol=BTCUSDT HTTP/1.1" 200 45
21:13:48 [DEBUG] __main__: Only 72s left, skipping this window
21:13:48 [DEBUG] urllib3.connectionpool: https://api.binance.com:443 "GET /api/v3/ticker/price?symbol=BTCUSDT HTTP/1.1" 200 45
21:13:48 [DEBUG] __main__: Only 71s left, skipping this window
21:13:49 [DEBUG] urllib3.connectionpool: https://api.binance.com:443 "GET /api/v3/ticker/price?symbol=BTCUSDT HTTP/1.1" 200 45
21:13:49 [DEBUG] __main__: Only 71s left, skipping this window
21:13:49 [DEBUG] urllib3.connectionpool: https://api.binance.com:443 "GET /api/v3/ticker/price?symbol=BTCUSDT HTTP/1.1" 200 45
21:13:49 [DEBUG] __main__: Only 70s left, skipping this window
21:13:50 [DEBUG] urllib3.connectionpool: https://api.binance.com:443 "GET /api/v3/ticker/price?symbol=BTCUSDT HTTP/1.1" 200 45
21:13:50 [DEBUG] __main__: Only 69s left, skipping this window
21:13:51 [DEBUG] urllib3.connectionpool: https://api.binance.com:443 "GET /api/v3/ticker/price?symbol=BTCUSDT HTTP/1.1" 200 45
21:13:51 [DEBUG] __main__: Only 69s left, skipping this window
21:13:51 [DEBUG] urllib3.connectionpool: https://api.binance.com:443 "GET /api/v3/ticker/price?symbol=BTCUSDT HTTP/1.1" 200 45
21:13:51 [DEBUG] __main__: Only 68s left, skipping this window
21:13:52 [DEBUG] urllib3.connectionpool: https://api.binance.com:443 "GET /api/v3/ticker/price?symbol=BTCUSDT HTTP/1.1" 200 45
21:13:52 [DEBUG] __main__: Only 68s left, skipping this window
21:13:52 [DEBUG] urllib3.connectionpool: https://api.binance.com:443 "GET /api/v3/ticker/price?symbol=BTCUSDT HTTP/1.1" 200 45
21:13:52 [DEBUG] __main__: Only 67s left, skipping this window
21:13:53 [DEBUG] urllib3.connectionpool: https://api.binance.com:443 "GET /api/v3/ticker/price?symbol=BTCUSDT HTTP/1.1" 200 45
21:13:53 [DEBUG] __main__: Only 67s left, skipping this window
21:13:54 [DEBUG] urllib3.connectionpool: https://api.binance.com:443 "GET /api/v3/ticker/price?symbol=BTCUSDT HTTP/1.1" 200 45
21:13:54 [DEBUG] __main__: Only 66s left, skipping this window
21:13:54 [DEBUG] urllib3.connectionpool: https://api.binance.com:443 "GET /api/v3/ticker/price?symbol=BTCUSDT HTTP/1.1" 200 45
21:13:54 [DEBUG] __main__: Only 65s left, skipping this window
21:13:55 [DEBUG] urllib3.connectionpool: https://api.binance.com:443 "GET /api/v3/ticker/price?symbol=BTCUSDT HTTP/1.1" 200 45
21:13:55 [DEBUG] __main__: Only 65s left, skipping this window
21:13:55 [DEBUG] urllib3.connectionpool: https://api.binance.com:443 "GET /api/v3/ticker/price?symbol=BTCUSDT HTTP/1.1" 200 45
21:13:55 [DEBUG] __main__: Only 64s left, skipping this window
21:13:56 [DEBUG] urllib3.connectionpool: https://api.binance.com:443 "GET /api/v3/ticker/price?symbol=BTCUSDT HTTP/1.1" 200 45
21:13:56 [DEBUG] __main__: Only 64s left, skipping this window
21:13:56 [DEBUG] urllib3.connectionpool: https://api.binance.com:443 "GET /api/v3/ticker/price?symbol=BTCUSDT HTTP/1.1" 200 45
21:13:56 [DEBUG] __main__: Only 63s left, skipping this window
21:13:57 [DEBUG] urllib3.connectionpool: https://api.binance.com:443 "GET /api/v3/ticker/price?symbol=BTCUSDT HTTP/1.1" 200 45
21:13:57 [DEBUG] __main__: Only 62s left, skipping this window
21:13:58 [DEBUG] urllib3.connectionpool: https://api.binance.com:443 "GET /api/v3/ticker/price?symbol=BTCUSDT HTTP/1.1" 200 45
21:13:58 [DEBUG] __main__: Only 62s left, skipping this window
21:13:58 [DEBUG] urllib3.connectionpool: https://api.binance.com:443 "GET /api/v3/ticker/price?symbol=BTCUSDT HTTP/1.1" 200 45
21:13:58 [DEBUG] __main__: Only 61s left, skipping this window
21:13:59 [DEBUG] urllib3.connectionpool: https://api.binance.com:443 "GET /api/v3/ticker/price?symbol=BTCUSDT HTTP/1.1" 200 45
21:13:59 [DEBUG] __main__: Only 61s left, skipping this window
21:13:59 [DEBUG] urllib3.connectionpool: https://api.binance.com:443 "GET /api/v3/ticker/price?symbol=BTCUSDT HTTP/1.1" 200 45
21:13:59 [DEBUG] __main__: Only 60s left, skipping this window
21:14:00 [DEBUG] urllib3.connectionpool: https://api.binance.com:443 "GET /api/v3/ticker/price?symbol=BTCUSDT HTTP/1.1" 200 45
21:14:00 [DEBUG] __main__: Only 60s left, skipping this window
21:14:01 [DEBUG] urllib3.connectionpool: https://api.binance.com:443 "GET /api/v3/ticker/price?symbol=BTCUSDT HTTP/1.1" 200 45
21:14:01 [DEBUG] __main__: Only 59s left, skipping this window
21:14:01 [DEBUG] urllib3.connectionpool: https://api.binance.com:443 "GET /api/v3/ticker/price?symbol=BTCUSDT HTTP/1.1" 200 45
21:14:01 [DEBUG] __main__: Only 58s left, skipping this window
21:14:02 [DEBUG] urllib3.connectionpool: https://api.binance.com:443 "GET /api/v3/ticker/price?symbol=BTCUSDT HTTP/1.1" 200 45
21:14:02 [DEBUG] __main__: Only 58s left, skipping this window
21:14:02 [DEBUG] urllib3.connectionpool: https://api.binance.com:443 "GET /api/v3/ticker/price?symbol=BTCUSDT HTTP/1.1" 200 45
21:14:02 [DEBUG] __main__: Only 57s left, skipping this window
21:14:03 [DEBUG] urllib3.connectionpool: https://api.binance.com:443 "GET /api/v3/ticker/price?symbol=BTCUSDT HTTP/1.1" 200 45
21:14:03 [DEBUG] __main__: Only 57s left, skipping this window
21:14:03 [DEBUG] urllib3.connectionpool: https://api.binance.com:443 "GET /api/v3/ticker/price?symbol=BTCUSDT HTTP/1.1" 200 45
21:14:03 [DEBUG] __main__: Only 56s left, skipping this window
21:14:04 [DEBUG] urllib3.connectionpool: https://api.binance.com:443 "GET /api/v3/ticker/price?symbol=BTCUSDT HTTP/1.1" 200 45
21:14:04 [DEBUG] __main__: Only 55s left, skipping this window
21:14:05 [DEBUG] urllib3.connectionpool: https://api.binance.com:443 "GET /api/v3/ticker/price?symbol=BTCUSDT HTTP/1.1" 200 45
21:14:05 [DEBUG] __main__: Only 55s left, skipping this window
21:14:05 [DEBUG] urllib3.connectionpool: https://api.binance.com:443 "GET /api/v3/ticker/price?symbol=BTCUSDT HTTP/1.1" 200 45
21:14:05 [DEBUG] __main__: Only 54s left, skipping this window
21:14:06 [DEBUG] urllib3.connectionpool: https://api.binance.com:443 "GET /api/v3/ticker/price?symbol=BTCUSDT HTTP/1.1" 200 45
21:14:06 [DEBUG] __main__: Only 54s left, skipping this window
21:14:06 [DEBUG] urllib3.connectionpool: https://api.binance.com:443 "GET /api/v3/ticker/price?symbol=BTCUSDT HTTP/1.1" 200 45
21:14:06 [DEBUG] __main__: Only 53s left, skipping this window
21:14:07 [DEBUG] urllib3.connectionpool: https://api.binance.com:443 "GET /api/v3/ticker/price?symbol=BTCUSDT HTTP/1.1" 200 45
21:14:07 [DEBUG] __main__: Only 53s left, skipping this window
21:14:08 [DEBUG] urllib3.connectionpool: https://api.binance.com:443 "GET /api/v3/ticker/price?symbol=BTCUSDT HTTP/1.1" 200 45
21:14:08 [DEBUG] __main__: Only 52s left, skipping this window
21:14:08 [DEBUG] urllib3.connectionpool: https://api.binance.com:443 "GET /api/v3/ticker/price?symbol=BTCUSDT HTTP/1.1" 200 45
21:14:08 [DEBUG] __main__: Only 51s left, skipping this window
21:14:09 [DEBUG] urllib3.connectionpool: https://api.binance.com:443 "GET /api/v3/ticker/price?symbol=BTCUSDT HTTP/1.1" 200 45
21:14:09 [DEBUG] __main__: Only 51s left, skipping this window
21:14:09 [DEBUG] urllib3.connectionpool: https://api.binance.com:443 "GET /api/v3/ticker/price?symbol=BTCUSDT HTTP/1.1" 200 45
21:14:09 [DEBUG] __main__: Only 50s left, skipping this window
21:14:10 [DEBUG] urllib3.connectionpool: https://api.binance.com:443 "GET /api/v3/ticker/price?symbol=BTCUSDT HTTP/1.1" 200 45
21:14:10 [DEBUG] __main__: Only 50s left, skipping this window
21:14:10 [DEBUG] urllib3.connectionpool: https://api.binance.com:443 "GET /api/v3/ticker/price?symbol=BTCUSDT HTTP/1.1" 200 45
21:14:10 [DEBUG] __main__: Only 49s left, skipping this window
21:14:11 [DEBUG] urllib3.connectionpool: https://api.binance.com:443 "GET /api/v3/ticker/price?symbol=BTCUSDT HTTP/1.1" 200 45
21:14:11 [DEBUG] __main__: Only 48s left, skipping this window
21:14:12 [DEBUG] urllib3.connectionpool: https://api.binance.com:443 "GET /api/v3/ticker/price?symbol=BTCUSDT HTTP/1.1" 200 45
21:14:12 [DEBUG] __main__: Only 48s left, skipping this window
21:14:12 [DEBUG] urllib3.connectionpool: https://api.binance.com:443 "GET /api/v3/ticker/price?symbol=BTCUSDT HTTP/1.1" 200 45
21:14:12 [DEBUG] __main__: Only 47s left, skipping this window
21:14:13 [DEBUG] urllib3.connectionpool: https://api.binance.com:443 "GET /api/v3/ticker/price?symbol=BTCUSDT HTTP/1.1" 200 45
21:14:13 [DEBUG] __main__: Only 47s left, skipping this window
21:14:13 [DEBUG] urllib3.connectionpool: https://api.binance.com:443 "GET /api/v3/ticker/price?symbol=BTCUSDT HTTP/1.1" 200 45
21:14:13 [DEBUG] __main__: Only 46s left, skipping this window
21:14:14 [DEBUG] urllib3.connectionpool: https://api.binance.com:443 "GET /api/v3/ticker/price?symbol=BTCUSDT HTTP/1.1" 200 45
21:14:14 [DEBUG] __main__: Only 46s left, skipping this window
21:14:14 [DEBUG] urllib3.connectionpool: https://api.binance.com:443 "GET /api/v3/ticker/price?symbol=BTCUSDT HTTP/1.1" 200 45
21:14:15 [DEBUG] __main__: Only 45s left, skipping this window
21:14:15 [DEBUG] urllib3.connectionpool: https://api.binance.com:443 "GET /api/v3/ticker/price?symbol=BTCUSDT HTTP/1.1" 200 45
21:14:15 [DEBUG] __main__: Only 44s left, skipping this window
21:14:16 [DEBUG] urllib3.connectionpool: https://api.binance.com:443 "GET /api/v3/ticker/price?symbol=BTCUSDT HTTP/1.1" 200 45
21:14:16 [DEBUG] __main__: Only 44s left, skipping this window
21:14:16 [DEBUG] urllib3.connectionpool: https://api.binance.com:443 "GET /api/v3/ticker/price?symbol=BTCUSDT HTTP/1.1" 200 45
21:14:16 [DEBUG] __main__: Only 43s left, skipping this window
21:14:17 [DEBUG] urllib3.connectionpool: https://api.binance.com:443 "GET /api/v3/ticker/price?symbol=BTCUSDT HTTP/1.1" 200 45
21:14:17 [DEBUG] __main__: Only 43s left, skipping this window
21:14:17 [DEBUG] urllib3.connectionpool: https://api.binance.com:443 "GET /api/v3/ticker/price?symbol=BTCUSDT HTTP/1.1" 200 45
21:14:17 [DEBUG] __main__: Only 42s left, skipping this window
21:14:18 [DEBUG] urllib3.connectionpool: https://api.binance.com:443 "GET /api/v3/ticker/price?symbol=BTCUSDT HTTP/1.1" 200 45
21:14:18 [DEBUG] __main__: Only 41s left, skipping this window
21:14:19 [DEBUG] urllib3.connectionpool: https://api.binance.com:443 "GET /api/v3/ticker/price?symbol=BTCUSDT HTTP/1.1" 200 45
21:14:19 [DEBUG] __main__: Only 41s left, skipping this window
21:14:19 [DEBUG] urllib3.connectionpool: https://api.binance.com:443 "GET /api/v3/ticker/price?symbol=BTCUSDT HTTP/1.1" 200 45
21:14:19 [DEBUG] __main__: Only 40s left, skipping this window
21:14:20 [DEBUG] urllib3.connectionpool: https://api.binance.com:443 "GET /api/v3/ticker/price?symbol=BTCUSDT HTTP/1.1" 200 45
21:14:20 [DEBUG] __main__: Only 40s left, skipping this window
21:14:20 [DEBUG] urllib3.connectionpool: https://api.binance.com:443 "GET /api/v3/ticker/price?symbol=BTCUSDT HTTP/1.1" 200 45
21:14:20 [DEBUG] __main__: Only 39s left, skipping this window
21:14:21 [DEBUG] urllib3.connectionpool: https://api.binance.com:443 "GET /api/v3/ticker/price?symbol=BTCUSDT HTTP/1.1" 200 45
21:14:21 [DEBUG] __main__: Only 39s left, skipping this window
21:14:22 [DEBUG] urllib3.connectionpool: https://api.binance.com:443 "GET /api/v3/ticker/price?symbol=BTCUSDT HTTP/1.1" 200 45
21:14:22 [DEBUG] __main__: Only 38s left, skipping this window
21:14:22 [DEBUG] urllib3.connectionpool: https://api.binance.com:443 "GET /api/v3/ticker/price?symbol=BTCUSDT HTTP/1.1" 200 45
21:14:22 [DEBUG] __main__: Only 37s left, skipping this window
21:14:23 [DEBUG] urllib3.connectionpool: https://api.binance.com:443 "GET /api/v3/ticker/price?symbol=BTCUSDT HTTP/1.1" 200 45
21:14:23 [DEBUG] __main__: Only 37s left, skipping this window
21:14:23 [DEBUG] urllib3.connectionpool: https://api.binance.com:443 "GET /api/v3/ticker/price?symbol=BTCUSDT HTTP/1.1" 200 45
21:14:23 [DEBUG] __main__: Only 36s left, skipping this window
21:14:24 [DEBUG] urllib3.connectionpool: https://api.binance.com:443 "GET /api/v3/ticker/price?symbol=BTCUSDT HTTP/1.1" 200 45
21:14:24 [DEBUG] __main__: Only 36s left, skipping this window
21:14:24 [DEBUG] urllib3.connectionpool: https://api.binance.com:443 "GET /api/v3/ticker/price?symbol=BTCUSDT HTTP/1.1" 200 45
21:14:24 [DEBUG] __main__: Only 35s left, skipping this window
21:14:25 [DEBUG] urllib3.connectionpool: https://api.binance.com:443 "GET /api/v3/ticker/price?symbol=BTCUSDT HTTP/1.1" 200 45
21:14:25 [DEBUG] __main__: Only 35s left, skipping this window
21:14:26 [DEBUG] urllib3.connectionpool: https://api.binance.com:443 "GET /api/v3/ticker/price?symbol=BTCUSDT HTTP/1.1" 200 45
21:14:26 [DEBUG] __main__: Only 34s left, skipping this window
21:14:26 [DEBUG] urllib3.connectionpool: https://api.binance.com:443 "GET /api/v3/ticker/price?symbol=BTCUSDT HTTP/1.1" 200 45
21:14:26 [DEBUG] __main__: Only 33s left, skipping this window
21:14:27 [DEBUG] urllib3.connectionpool: https://api.binance.com:443 "GET /api/v3/ticker/price?symbol=BTCUSDT HTTP/1.1" 200 45
21:14:27 [DEBUG] __main__: Only 33s left, skipping this window
21:14:27 [DEBUG] urllib3.connectionpool: https://api.binance.com:443 "GET /api/v3/ticker/price?symbol=BTCUSDT HTTP/1.1" 200 45
21:14:27 [DEBUG] __main__: Only 32s left, skipping this window
21:14:28 [DEBUG] urllib3.connectionpool: https://api.binance.com:443 "GET /api/v3/ticker/price?symbol=BTCUSDT HTTP/1.1" 200 45
21:14:28 [DEBUG] __main__: Only 32s left, skipping this window
21:14:28 [DEBUG] urllib3.connectionpool: https://api.binance.com:443 "GET /api/v3/ticker/price?symbol=BTCUSDT HTTP/1.1" 200 45
21:14:28 [DEBUG] __main__: Only 31s left, skipping this window
21:14:29 [DEBUG] urllib3.connectionpool: https://api.binance.com:443 "GET /api/v3/ticker/price?symbol=BTCUSDT HTTP/1.1" 200 45
21:14:29 [DEBUG] __main__: Only 30s left, skipping this window
21:14:30 [DEBUG] urllib3.connectionpool: https://api.binance.com:443 "GET /api/v3/ticker/price?symbol=BTCUSDT HTTP/1.1" 200 45
21:14:30 [DEBUG] __main__: Only 30s left, skipping this window
21:14:30 [DEBUG] urllib3.connectionpool: https://api.binance.com:443 "GET /api/v3/ticker/price?symbol=BTCUSDT HTTP/1.1" 200 45
21:14:30 [DEBUG] __main__: Only 29s left, skipping this window
21:14:31 [DEBUG] urllib3.connectionpool: https://api.binance.com:443 "GET /api/v3/ticker/price?symbol=BTCUSDT HTTP/1.1" 200 45
21:14:31 [DEBUG] __main__: Only 29s left, skipping this window
21:14:31 [DEBUG] urllib3.connectionpool: https://api.binance.com:443 "GET /api/v3/ticker/price?symbol=BTCUSDT HTTP/1.1" 200 45
21:14:31 [DEBUG] __main__: Only 28s left, skipping this window
21:14:32 [DEBUG] urllib3.connectionpool: https://api.binance.com:443 "GET /api/v3/ticker/price?symbol=BTCUSDT HTTP/1.1" 200 45
21:14:32 [DEBUG] __main__: Only 28s left, skipping this window
21:14:33 [DEBUG] urllib3.connectionpool: https://api.binance.com:443 "GET /api/v3/ticker/price?symbol=BTCUSDT HTTP/1.1" 200 45
21:14:33 [DEBUG] __main__: Only 27s left, skipping this window
21:14:33 [DEBUG] urllib3.connectionpool: https://api.binance.com:443 "GET /api/v3/ticker/price?symbol=BTCUSDT HTTP/1.1" 200 45
21:14:33 [DEBUG] __main__: Only 26s left, skipping this window
21:14:34 [DEBUG] urllib3.connectionpool: https://api.binance.com:443 "GET /api/v3/ticker/price?symbol=BTCUSDT HTTP/1.1" 200 45
21:14:34 [DEBUG] __main__: Only 26s left, skipping this window
21:14:34 [DEBUG] urllib3.connectionpool: https://api.binance.com:443 "GET /api/v3/ticker/price?symbol=BTCUSDT HTTP/1.1" 200 45
21:14:34 [DEBUG] __main__: Only 25s left, skipping this window
21:14:35 [DEBUG] urllib3.connectionpool: https://api.binance.com:443 "GET /api/v3/ticker/price?symbol=BTCUSDT HTTP/1.1" 200 45
21:14:35 [DEBUG] __main__: Only 25s left, skipping this window
21:14:35 [DEBUG] urllib3.connectionpool: https://api.binance.com:443 "GET /api/v3/ticker/price?symbol=BTCUSDT HTTP/1.1" 200 45
21:14:35 [DEBUG] __main__: Only 24s left, skipping this window
21:14:36 [DEBUG] urllib3.connectionpool: https://api.binance.com:443 "GET /api/v3/ticker/price?symbol=BTCUSDT HTTP/1.1" 200 45
21:14:36 [DEBUG] __main__: Only 23s left, skipping this window
21:14:37 [DEBUG] urllib3.connectionpool: https://api.binance.com:443 "GET /api/v3/ticker/price?symbol=BTCUSDT HTTP/1.1" 200 45
21:14:37 [DEBUG] __main__: Only 23s left, skipping this window
21:14:37 [DEBUG] urllib3.connectionpool: https://api.binance.com:443 "GET /api/v3/ticker/price?symbol=BTCUSDT HTTP/1.1" 200 45
21:14:37 [DEBUG] __main__: Only 22s left, skipping this window
21:14:38 [DEBUG] urllib3.connectionpool: https://api.binance.com:443 "GET /api/v3/ticker/price?symbol=BTCUSDT HTTP/1.1" 200 45
21:14:38 [DEBUG] __main__: Only 22s left, skipping this window
21:14:38 [DEBUG] urllib3.connectionpool: https://api.binance.com:443 "GET /api/v3/ticker/price?symbol=BTCUSDT HTTP/1.1" 200 45
21:14:38 [DEBUG] __main__: Only 21s left, skipping this window
21:14:39 [DEBUG] urllib3.connectionpool: https://api.binance.com:443 "GET /api/v3/ticker/price?symbol=BTCUSDT HTTP/1.1" 200 45
21:14:39 [DEBUG] __main__: Only 20s left, skipping this window
21:14:40 [DEBUG] urllib3.connectionpool: https://api.binance.com:443 "GET /api/v3/ticker/price?symbol=BTCUSDT HTTP/1.1" 200 45
21:14:40 [DEBUG] __main__: Only 20s left, skipping this window
21:14:40 [DEBUG] urllib3.connectionpool: https://api.binance.com:443 "GET /api/v3/ticker/price?symbol=BTCUSDT HTTP/1.1" 200 45
21:14:40 [DEBUG] __main__: Only 19s left, skipping this window
21:14:41 [DEBUG] urllib3.connectionpool: https://api.binance.com:443 "GET /api/v3/ticker/price?symbol=BTCUSDT HTTP/1.1" 200 45
21:14:41 [DEBUG] __main__: Only 19s left, skipping this window
21:14:41 [DEBUG] urllib3.connectionpool: https://api.binance.com:443 "GET /api/v3/ticker/price?symbol=BTCUSDT HTTP/1.1" 200 45
21:14:41 [DEBUG] __main__: Only 18s left, skipping this window
21:14:42 [DEBUG] urllib3.connectionpool: https://api.binance.com:443 "GET /api/v3/ticker/price?symbol=BTCUSDT HTTP/1.1" 200 45
21:14:42 [DEBUG] __main__: Only 18s left, skipping this window
21:14:43 [DEBUG] urllib3.connectionpool: https://api.binance.com:443 "GET /api/v3/ticker/price?symbol=BTCUSDT HTTP/1.1" 200 45
21:14:43 [DEBUG] __main__: Only 17s left, skipping this window
21:14:43 [DEBUG] urllib3.connectionpool: https://api.binance.com:443 "GET /api/v3/ticker/price?symbol=BTCUSDT HTTP/1.1" 200 45
21:14:43 [DEBUG] __main__: Only 16s left, skipping this window
21:14:44 [DEBUG] urllib3.connectionpool: https://api.binance.com:443 "GET /api/v3/ticker/price?symbol=BTCUSDT HTTP/1.1" 200 45
21:14:44 [DEBUG] __main__: Only 16s left, skipping this window
21:14:44 [DEBUG] urllib3.connectionpool: https://api.binance.com:443 "GET /api/v3/ticker/price?symbol=BTCUSDT HTTP/1.1" 200 45
21:14:44 [DEBUG] __main__: Only 15s left, skipping this window
21:14:45 [DEBUG] urllib3.connectionpool: https://api.binance.com:443 "GET /api/v3/ticker/price?symbol=BTCUSDT HTTP/1.1" 200 45
21:14:45 [DEBUG] __main__: Only 15s left, skipping this window
21:14:45 [DEBUG] urllib3.connectionpool: https://api.binance.com:443 "GET /api/v3/ticker/price?symbol=BTCUSDT HTTP/1.1" 200 45
21:14:45 [DEBUG] __main__: Only 14s left, skipping this window
21:14:46 [DEBUG] urllib3.connectionpool: https://api.binance.com:443 "GET /api/v3/ticker/price?symbol=BTCUSDT HTTP/1.1" 200 45
21:14:46 [DEBUG] __main__: Only 13s left, skipping this window
21:14:47 [DEBUG] urllib3.connectionpool: https://api.binance.com:443 "GET /api/v3/ticker/price?symbol=BTCUSDT HTTP/1.1" 200 45
21:14:47 [DEBUG] __main__: Only 13s left, skipping this window
21:14:47 [DEBUG] urllib3.connectionpool: https://api.binance.com:443 "GET /api/v3/ticker/price?symbol=BTCUSDT HTTP/1.1" 200 45
21:14:47 [DEBUG] __main__: Only 12s left, skipping this window
21:14:48 [DEBUG] urllib3.connectionpool: https://api.binance.com:443 "GET /api/v3/ticker/price?symbol=BTCUSDT HTTP/1.1" 200 45
21:14:48 [DEBUG] __main__: Only 12s left, skipping this window
21:14:48 [DEBUG] urllib3.connectionpool: https://api.binance.com:443 "GET /api/v3/ticker/price?symbol=BTCUSDT HTTP/1.1" 200 45
21:14:48 [DEBUG] __main__: Only 11s left, skipping this window
21:14:49 [DEBUG] urllib3.connectionpool: https://api.binance.com:443 "GET /api/v3/ticker/price?symbol=BTCUSDT HTTP/1.1" 200 45
21:14:49 [DEBUG] __main__: Only 11s left, skipping this window
21:14:50 [DEBUG] urllib3.connectionpool: https://api.binance.com:443 "GET /api/v3/ticker/price?symbol=BTCUSDT HTTP/1.1" 200 45
21:14:50 [DEBUG] __main__: Only 10s left, skipping this window
21:14:50 [DEBUG] urllib3.connectionpool: https://api.binance.com:443 "GET /api/v3/ticker/price?symbol=BTCUSDT HTTP/1.1" 200 45
21:14:50 [DEBUG] __main__: Only 9s left, skipping this window
21:14:51 [DEBUG] urllib3.connectionpool: https://api.binance.com:443 "GET /api/v3/ticker/price?symbol=BTCUSDT HTTP/1.1" 200 45
21:14:51 [DEBUG] __main__: Only 9s left, skipping this window
21:14:51 [DEBUG] urllib3.connectionpool: https://api.binance.com:443 "GET /api/v3/ticker/price?symbol=BTCUSDT HTTP/1.1" 200 45
21:14:51 [DEBUG] __main__: Only 8s left, skipping this window
21:14:52 [DEBUG] urllib3.connectionpool: https://api.binance.com:443 "GET /api/v3/ticker/price?symbol=BTCUSDT HTTP/1.1" 200 45
21:14:52 [DEBUG] __main__: Only 8s left, skipping this window
21:14:52 [DEBUG] urllib3.connectionpool: https://api.binance.com:443 "GET /api/v3/ticker/price?symbol=BTCUSDT HTTP/1.1" 200 45
21:14:52 [DEBUG] __main__: Only 7s left, skipping this window
21:14:53 [DEBUG] urllib3.connectionpool: https://api.binance.com:443 "GET /api/v3/ticker/price?symbol=BTCUSDT HTTP/1.1" 200 45
21:14:53 [DEBUG] __main__: Only 6s left, skipping this window
21:14:54 [DEBUG] urllib3.connectionpool: https://api.binance.com:443 "GET /api/v3/ticker/price?symbol=BTCUSDT HTTP/1.1" 200 45
21:14:54 [DEBUG] __main__: Only 6s left, skipping this window
21:14:54 [DEBUG] urllib3.connectionpool: https://api.binance.com:443 "GET /api/v3/ticker/price?symbol=BTCUSDT HTTP/1.1" 200 45
21:14:54 [DEBUG] __main__: Only 5s left, skipping this window
21:14:55 [DEBUG] urllib3.connectionpool: https://api.binance.com:443 "GET /api/v3/ticker/price?symbol=BTCUSDT HTTP/1.1" 200 45
21:14:55 [DEBUG] __main__: Only 5s left, skipping this window
21:14:55 [DEBUG] urllib3.connectionpool: https://api.binance.com:443 "GET /api/v3/ticker/price?symbol=BTCUSDT HTTP/1.1" 200 45
21:14:55 [DEBUG] __main__: Only 4s left, skipping this window
21:14:56 [DEBUG] urllib3.connectionpool: https://api.binance.com:443 "GET /api/v3/ticker/price?symbol=BTCUSDT HTTP/1.1" 200 45
21:14:56 [DEBUG] __main__: Only 4s left, skipping this window
21:14:57 [DEBUG] urllib3.connectionpool: https://api.binance.com:443 "GET /api/v3/ticker/price?symbol=BTCUSDT HTTP/1.1" 200 45
21:14:57 [DEBUG] __main__: Only 3s left, skipping this window
21:14:57 [DEBUG] urllib3.connectionpool: https://api.binance.com:443 "GET /api/v3/ticker/price?symbol=BTCUSDT HTTP/1.1" 200 45
21:14:57 [DEBUG] __main__: Only 2s left, skipping this window
21:14:58 [DEBUG] urllib3.connectionpool: https://api.binance.com:443 "GET /api/v3/ticker/price?symbol=BTCUSDT HTTP/1.1" 200 45
21:14:58 [DEBUG] __main__: Only 2s left, skipping this window
21:14:58 [DEBUG] urllib3.connectionpool: https://api.binance.com:443 "GET /api/v3/ticker/price?symbol=BTCUSDT HTTP/1.1" 200 45
21:14:58 [DEBUG] __main__: Only 1s left, skipping this window
21:14:59 [DEBUG] urllib3.connectionpool: https://api.binance.com:443 "GET /api/v3/ticker/price?symbol=BTCUSDT HTTP/1.1" 200 45
21:14:59 [DEBUG] __main__: Only 1s left, skipping this window
21:14:59 [DEBUG] urllib3.connectionpool: https://api.binance.com:443 "GET /api/v3/ticker/price?symbol=BTCUSDT HTTP/1.1" 200 45
21:14:59 [DEBUG] __main__: Only 0s left, skipping this window
21:15:00 [DEBUG] urllib3.connectionpool: https://api.binance.com:443 "GET /api/v3/ticker/price?symbol=BTCUSDT HTTP/1.1" 200 45
21:15:00 [DEBUG] urllib3.connectionpool: https://gamma-api.polymarket.com:443 "GET /events/slug/btc-updown-5m-1778073300 HTTP/1.1" 200 None
21:15:00 [INFO] __main__: NEW WINDOW: btc-updown-5m-1778073300 | btc=$82109.73 | ends=13:20:00
21:15:00 [DEBUG] urllib3.connectionpool: Starting new HTTPS connection (1): clob.polymarket.com:443
21:15:02 [DEBUG] urllib3.connectionpool: https://clob.polymarket.com:443 "GET /midpoint?token_id=94852007700599744279662615674146921574350056057599622280582100124241456154504 HTTP/1.1" 200 16
21:15:02 [DEBUG] urllib3.connectionpool: https://clob.polymarket.com:443 "GET /midpoint?token_id=45451883929341373387908740758977778934802596487849176499854110213070020927726 HTTP/1.1" 200 15
21:15:02 [DEBUG] strategies.kelly: Kelly: fair=0.5501 mkt=0.4700 edge=0.0801 dir=BUY full_k=0.1511 frac_k=0.0302 size=$151
21:15:02 [INFO] ems.execution: [DRY] btc5m_down BUY 321.4 @ 0.4700 [GTC]
21:15:02 [INFO] oms.position_manager: FILL BUY 454518839293... 321.4 @ 0.4700 | pos=321.4 avg=0.4700 pnl=-151.06
21:15:02 [INFO] __main__: BTC5M TRADE: DOWN 321.4 shares @ 0.4700 | kelly=$151 edge=0.0801 btc=$82110 momentum=-0.0142%
21:15:02 [DEBUG] urllib3.connectionpool: https://api.binance.com:443 "GET /api/v3/ticker/price?symbol=BTCUSDT HTTP/1.1" 200 45
21:15:03 [DEBUG] urllib3.connectionpool: https://api.binance.com:443 "GET /api/v3/ticker/price?symbol=BTCUSDT HTTP/1.1" 200 45
21:15:04 [DEBUG] urllib3.connectionpool: https://api.binance.com:443 "GET /api/v3/ticker/price?symbol=BTCUSDT HTTP/1.1" 200 45
21:15:04 [DEBUG] urllib3.connectionpool: https://api.binance.com:443 "GET /api/v3/ticker/price?symbol=BTCUSDT HTTP/1.1" 200 45
21:15:05 [DEBUG] urllib3.connectionpool: https://api.binance.com:443 "GET /api/v3/ticker/price?symbol=BTCUSDT HTTP/1.1" 200 45
21:15:05 [DEBUG] urllib3.connectionpool: https://api.binance.com:443 "GET /api/v3/ticker/price?symbol=BTCUSDT HTTP/1.1" 200 45
21:15:06 [DEBUG] urllib3.connectionpool: https://api.binance.com:443 "GET /api/v3/ticker/price?symbol=BTCUSDT HTTP/1.1" 200 45
21:15:07 [DEBUG] urllib3.connectionpool: https://api.binance.com:443 "GET /api/v3/ticker/price?symbol=BTCUSDT HTTP/1.1" 200 45
21:15:07 [DEBUG] urllib3.connectionpool: https://api.binance.com:443 "GET /api/v3/ticker/price?symbol=BTCUSDT HTTP/1.1" 200 45
21:15:08 [DEBUG] urllib3.connectionpool: https://api.binance.com:443 "GET /api/v3/ticker/price?symbol=BTCUSDT HTTP/1.1" 200 45
21:15:08 [DEBUG] urllib3.connectionpool: https://api.binance.com:443 "GET /api/v3/ticker/price?symbol=BTCUSDT HTTP/1.1" 200 45
21:15:09 [DEBUG] urllib3.connectionpool: https://api.binance.com:443 "GET /api/v3/ticker/price?symbol=BTCUSDT HTTP/1.1" 200 45
21:15:10 [DEBUG] urllib3.connectionpool: https://api.binance.com:443 "GET /api/v3/ticker/price?symbol=BTCUSDT HTTP/1.1" 200 45
21:15:10 [DEBUG] urllib3.connectionpool: https://api.binance.com:443 "GET /api/v3/ticker/price?symbol=BTCUSDT HTTP/1.1" 200 45
21:15:11 [DEBUG] urllib3.connectionpool: https://api.binance.com:443 "GET /api/v3/ticker/price?symbol=BTCUSDT HTTP/1.1" 200 45
21:15:12 [DEBUG] urllib3.connectionpool: https://api.binance.com:443 "GET /api/v3/ticker/price?symbol=BTCUSDT HTTP/1.1" 200 45
21:15:12 [DEBUG] urllib3.connectionpool: https://api.binance.com:443 "GET /api/v3/ticker/price?symbol=BTCUSDT HTTP/1.1" 200 45
21:15:13 [DEBUG] urllib3.connectionpool: https://api.binance.com:443 "GET /api/v3/ticker/price?symbol=BTCUSDT HTTP/1.1" 200 45
21:15:14 [DEBUG] urllib3.connectionpool: https://api.binance.com:443 "GET /api/v3/ticker/price?symbol=BTCUSDT HTTP/1.1" 200 45
21:15:14 [DEBUG] urllib3.connectionpool: https://api.binance.com:443 "GET /api/v3/ticker/price?symbol=BTCUSDT HTTP/1.1" 200 45
21:15:15 [DEBUG] urllib3.connectionpool: https://api.binance.com:443 "GET /api/v3/ticker/price?symbol=BTCUSDT HTTP/1.1" 200 45
21:15:15 [DEBUG] urllib3.connectionpool: https://api.binance.com:443 "GET /api/v3/ticker/price?symbol=BTCUSDT HTTP/1.1" 200 45
21:15:16 [DEBUG] urllib3.connectionpool: https://api.binance.com:443 "GET /api/v3/ticker/price?symbol=BTCUSDT HTTP/1.1" 200 45
21:15:17 [DEBUG] urllib3.connectionpool: https://api.binance.com:443 "GET /api/v3/ticker/price?symbol=BTCUSDT HTTP/1.1" 200 45
21:15:17 [DEBUG] urllib3.connectionpool: https://api.binance.com:443 "GET /api/v3/ticker/price?symbol=BTCUSDT HTTP/1.1" 200 45
21:15:18 [DEBUG] urllib3.connectionpool: https://api.binance.com:443 "GET /api/v3/ticker/price?symbol=BTCUSDT HTTP/1.1" 200 45
21:15:18 [DEBUG] urllib3.connectionpool: https://api.binance.com:443 "GET /api/v3/ticker/price?symbol=BTCUSDT HTTP/1.1" 200 45
21:15:19 [DEBUG] urllib3.connectionpool: https://api.binance.com:443 "GET /api/v3/ticker/price?symbol=BTCUSDT HTTP/1.1" 200 45
21:15:19 [DEBUG] urllib3.connectionpool: https://api.binance.com:443 "GET /api/v3/ticker/price?symbol=BTCUSDT HTTP/1.1" 200 45
21:15:20 [DEBUG] urllib3.connectionpool: https://api.binance.com:443 "GET /api/v3/ticker/price?symbol=BTCUSDT HTTP/1.1" 200 45
21:15:21 [DEBUG] urllib3.connectionpool: https://api.binance.com:443 "GET /api/v3/ticker/price?symbol=BTCUSDT HTTP/1.1" 200 45
21:15:21 [DEBUG] urllib3.connectionpool: https://api.binance.com:443 "GET /api/v3/ticker/price?symbol=BTCUSDT HTTP/1.1" 200 45
21:15:22 [DEBUG] urllib3.connectionpool: https://api.binance.com:443 "GET /api/v3/ticker/price?symbol=BTCUSDT HTTP/1.1" 200 45
21:15:22 [DEBUG] urllib3.connectionpool: https://api.binance.com:443 "GET /api/v3/ticker/price?symbol=BTCUSDT HTTP/1.1" 200 45
21:15:23 [DEBUG] urllib3.connectionpool: https://api.binance.com:443 "GET /api/v3/ticker/price?symbol=BTCUSDT HTTP/1.1" 200 45
21:15:23 [DEBUG] urllib3.connectionpool: https://api.binance.com:443 "GET /api/v3/ticker/price?symbol=BTCUSDT HTTP/1.1" 200 45
21:15:24 [DEBUG] urllib3.connectionpool: https://api.binance.com:443 "GET /api/v3/ticker/price?symbol=BTCUSDT HTTP/1.1" 200 45
21:15:25 [DEBUG] urllib3.connectionpool: https://api.binance.com:443 "GET /api/v3/ticker/price?symbol=BTCUSDT HTTP/1.1" 200 45
21:15:25 [DEBUG] urllib3.connectionpool: https://api.binance.com:443 "GET /api/v3/ticker/price?symbol=BTCUSDT HTTP/1.1" 200 45
21:15:26 [DEBUG] urllib3.connectionpool: https://api.binance.com:443 "GET /api/v3/ticker/price?symbol=BTCUSDT HTTP/1.1" 200 45
21:15:26 [DEBUG] urllib3.connectionpool: https://api.binance.com:443 "GET /api/v3/ticker/price?symbol=BTCUSDT HTTP/1.1" 200 45
21:15:27 [DEBUG] urllib3.connectionpool: https://api.binance.com:443 "GET /api/v3/ticker/price?symbol=BTCUSDT HTTP/1.1" 200 45
21:15:28 [DEBUG] urllib3.connectionpool: https://api.binance.com:443 "GET /api/v3/ticker/price?symbol=BTCUSDT HTTP/1.1" 200 45
21:15:28 [DEBUG] urllib3.connectionpool: https://api.binance.com:443 "GET /api/v3/ticker/price?symbol=BTCUSDT HTTP/1.1" 200 45
21:15:29 [DEBUG] urllib3.connectionpool: https://api.binance.com:443 "GET /api/v3/ticker/price?symbol=BTCUSDT HTTP/1.1" 200 45
21:15:29 [INFO] __main__: BTC5M HOLDING DOWN | btc=$82133.54 remaining=271s
21:15:29 [DEBUG] urllib3.connectionpool: https://api.binance.com:443 "GET /api/v3/ticker/price?symbol=BTCUSDT HTTP/1.1" 200 45
21:15:29 [INFO] __main__: BTC5M HOLDING DOWN | btc=$82145.47 remaining=270s
21:15:30 [DEBUG] urllib3.connectionpool: https://api.binance.com:443 "GET /api/v3/ticker/price?symbol=BTCUSDT HTTP/1.1" 200 45
21:15:30 [DEBUG] urllib3.connectionpool: https://api.binance.com:443 "GET /api/v3/ticker/price?symbol=BTCUSDT HTTP/1.1" 200 45
21:15:31 [DEBUG] urllib3.connectionpool: https://api.binance.com:443 "GET /api/v3/ticker/price?symbol=BTCUSDT HTTP/1.1" 200 45
21:15:32 [DEBUG] urllib3.connectionpool: https://api.binance.com:443 "GET /api/v3/ticker/price?symbol=BTCUSDT HTTP/1.1" 200 45
21:15:32 [DEBUG] urllib3.connectionpool: https://api.binance.com:443 "GET /api/v3/ticker/price?symbol=BTCUSDT HTTP/1.1" 200 45
21:15:33 [DEBUG] urllib3.connectionpool: https://api.binance.com:443 "GET /api/v3/ticker/price?symbol=BTCUSDT HTTP/1.1" 200 45
21:15:33 [DEBUG] urllib3.connectionpool: https://api.binance.com:443 "GET /api/v3/ticker/price?symbol=BTCUSDT HTTP/1.1" 200 45
21:15:34 [DEBUG] urllib3.connectionpool: https://api.binance.com:443 "GET /api/v3/ticker/price?symbol=BTCUSDT HTTP/1.1" 200 45
21:15:35 [DEBUG] urllib3.connectionpool: https://api.binance.com:443 "GET /api/v3/ticker/price?symbol=BTCUSDT HTTP/1.1" 200 45
21:15:35 [DEBUG] urllib3.connectionpool: https://api.binance.com:443 "GET /api/v3/ticker/price?symbol=BTCUSDT HTTP/1.1" 200 45
21:15:36 [DEBUG] urllib3.connectionpool: https://api.binance.com:443 "GET /api/v3/ticker/price?symbol=BTCUSDT HTTP/1.1" 200 45
21:15:36 [DEBUG] urllib3.connectionpool: https://api.binance.com:443 "GET /api/v3/ticker/price?symbol=BTCUSDT HTTP/1.1" 200 45
21:15:37 [DEBUG] urllib3.connectionpool: https://api.binance.com:443 "GET /api/v3/ticker/price?symbol=BTCUSDT HTTP/1.1" 200 45
21:15:37 [DEBUG] urllib3.connectionpool: https://api.binance.com:443 "GET /api/v3/ticker/price?symbol=BTCUSDT HTTP/1.1" 200 45
21:15:38 [DEBUG] urllib3.connectionpool: https://api.binance.com:443 "GET /api/v3/ticker/price?symbol=BTCUSDT HTTP/1.1" 200 45
21:15:39 [DEBUG] urllib3.connectionpool: https://api.binance.com:443 "GET /api/v3/ticker/price?symbol=BTCUSDT HTTP/1.1" 200 45
21:15:39 [DEBUG] urllib3.connectionpool: https://api.binance.com:443 "GET /api/v3/ticker/price?symbol=BTCUSDT HTTP/1.1" 200 45
21:15:40 [DEBUG] urllib3.connectionpool: https://api.binance.com:443 "GET /api/v3/ticker/price?symbol=BTCUSDT HTTP/1.1" 200 45
21:15:40 [DEBUG] urllib3.connectionpool: https://api.binance.com:443 "GET /api/v3/ticker/price?symbol=BTCUSDT HTTP/1.1" 200 45
21:15:41 [DEBUG] urllib3.connectionpool: https://api.binance.com:443 "GET /api/v3/ticker/price?symbol=BTCUSDT HTTP/1.1" 200 45
21:15:42 [DEBUG] urllib3.connectionpool: https://api.binance.com:443 "GET /api/v3/ticker/price?symbol=BTCUSDT HTTP/1.1" 200 45
21:15:42 [DEBUG] urllib3.connectionpool: https://api.binance.com:443 "GET /api/v3/ticker/price?symbol=BTCUSDT HTTP/1.1" 200 45
21:15:43 [DEBUG] urllib3.connectionpool: https://api.binance.com:443 "GET /api/v3/ticker/price?symbol=BTCUSDT HTTP/1.1" 200 45
21:15:43 [DEBUG] urllib3.connectionpool: https://api.binance.com:443 "GET /api/v3/ticker/price?symbol=BTCUSDT HTTP/1.1" 200 45
21:15:44 [DEBUG] urllib3.connectionpool: https://api.binance.com:443 "GET /api/v3/ticker/price?symbol=BTCUSDT HTTP/1.1" 200 45
21:15:44 [DEBUG] urllib3.connectionpool: https://api.binance.com:443 "GET /api/v3/ticker/price?symbol=BTCUSDT HTTP/1.1" 200 45
21:15:45 [DEBUG] urllib3.connectionpool: https://api.binance.com:443 "GET /api/v3/ticker/price?symbol=BTCUSDT HTTP/1.1" 200 45
21:15:46 [DEBUG] urllib3.connectionpool: https://api.binance.com:443 "GET /api/v3/ticker/price?symbol=BTCUSDT HTTP/1.1" 200 45
21:15:46 [DEBUG] urllib3.connectionpool: https://api.binance.com:443 "GET /api/v3/ticker/price?symbol=BTCUSDT HTTP/1.1" 200 45
21:15:47 [DEBUG] urllib3.connectionpool: https://api.binance.com:443 "GET /api/v3/ticker/price?symbol=BTCUSDT HTTP/1.1" 200 45
21:15:47 [DEBUG] urllib3.connectionpool: https://api.binance.com:443 "GET /api/v3/ticker/price?symbol=BTCUSDT HTTP/1.1" 200 45
21:15:48 [DEBUG] urllib3.connectionpool: https://api.binance.com:443 "GET /api/v3/ticker/price?symbol=BTCUSDT HTTP/1.1" 200 45
21:15:49 [DEBUG] urllib3.connectionpool: https://api.binance.com:443 "GET /api/v3/ticker/price?symbol=BTCUSDT HTTP/1.1" 200 45
21:15:49 [DEBUG] urllib3.connectionpool: https://api.binance.com:443 "GET /api/v3/ticker/price?symbol=BTCUSDT HTTP/1.1" 200 45
21:15:50 [DEBUG] urllib3.connectionpool: https://api.binance.com:443 "GET /api/v3/ticker/price?symbol=BTCUSDT HTTP/1.1" 200 45
21:15:50 [DEBUG] urllib3.connectionpool: https://api.binance.com:443 "GET /api/v3/ticker/price?symbol=BTCUSDT HTTP/1.1" 200 45
21:15:51 [DEBUG] urllib3.connectionpool: https://api.binance.com:443 "GET /api/v3/ticker/price?symbol=BTCUSDT HTTP/1.1" 200 45
21:15:51 [DEBUG] urllib3.connectionpool: https://api.binance.com:443 "GET /api/v3/ticker/price?symbol=BTCUSDT HTTP/1.1" 200 45
21:15:52 [DEBUG] urllib3.connectionpool: https://api.binance.com:443 "GET /api/v3/ticker/price?symbol=BTCUSDT HTTP/1.1" 200 45
21:15:53 [DEBUG] urllib3.connectionpool: https://api.binance.com:443 "GET /api/v3/ticker/price?symbol=BTCUSDT HTTP/1.1" 200 45
21:15:53 [DEBUG] urllib3.connectionpool: https://api.binance.com:443 "GET /api/v3/ticker/price?symbol=BTCUSDT HTTP/1.1" 200 45
21:15:54 [DEBUG] urllib3.connectionpool: https://api.binance.com:443 "GET /api/v3/ticker/price?symbol=BTCUSDT HTTP/1.1" 200 45
21:15:54 [DEBUG] urllib3.connectionpool: https://api.binance.com:443 "GET /api/v3/ticker/price?symbol=BTCUSDT HTTP/1.1" 200 45
21:15:55 [DEBUG] urllib3.connectionpool: https://api.binance.com:443 "GET /api/v3/ticker/price?symbol=BTCUSDT HTTP/1.1" 200 45
21:15:56 [DEBUG] urllib3.connectionpool: https://api.binance.com:443 "GET /api/v3/ticker/price?symbol=BTCUSDT HTTP/1.1" 200 45
21:15:56 [DEBUG] urllib3.connectionpool: https://api.binance.com:443 "GET /api/v3/ticker/price?symbol=BTCUSDT HTTP/1.1" 200 45
21:15:57 [DEBUG] urllib3.connectionpool: https://api.binance.com:443 "GET /api/v3/ticker/price?symbol=BTCUSDT HTTP/1.1" 200 45
21:15:57 [DEBUG] urllib3.connectionpool: https://api.binance.com:443 "GET /api/v3/ticker/price?symbol=BTCUSDT HTTP/1.1" 200 45
21:15:58 [DEBUG] urllib3.connectionpool: https://api.binance.com:443 "GET /api/v3/ticker/price?symbol=BTCUSDT HTTP/1.1" 200 45
21:15:59 [DEBUG] urllib3.connectionpool: https://api.binance.com:443 "GET /api/v3/ticker/price?symbol=BTCUSDT HTTP/1.1" 200 45
21:15:59 [INFO] __main__: BTC5M HOLDING DOWN | btc=$82128.01 remaining=241s
21:15:59 [DEBUG] urllib3.connectionpool: https://api.binance.com:443 "GET /api/v3/ticker/price?symbol=BTCUSDT HTTP/1.1" 200 45
21:15:59 [INFO] __main__: BTC5M HOLDING DOWN | btc=$82128.01 remaining=240s
21:16:00 [DEBUG] urllib3.connectionpool: https://api.binance.com:443 "GET /api/v3/ticker/price?symbol=BTCUSDT HTTP/1.1" 200 45
21:16:00 [DEBUG] urllib3.connectionpool: https://api.binance.com:443 "GET /api/v3/ticker/price?symbol=BTCUSDT HTTP/1.1" 200 45
21:16:01 [DEBUG] urllib3.connectionpool: https://api.binance.com:443 "GET /api/v3/ticker/price?symbol=BTCUSDT HTTP/1.1" 200 45
21:16:02 [DEBUG] urllib3.connectionpool: https://api.binance.com:443 "GET /api/v3/ticker/price?symbol=BTCUSDT HTTP/1.1" 200 45
21:16:02 [DEBUG] urllib3.connectionpool: https://api.binance.com:443 "GET /api/v3/ticker/price?symbol=BTCUSDT HTTP/1.1" 200 45
21:16:03 [DEBUG] urllib3.connectionpool: https://api.binance.com:443 "GET /api/v3/ticker/price?symbol=BTCUSDT HTTP/1.1" 200 45
21:16:03 [DEBUG] urllib3.connectionpool: https://api.binance.com:443 "GET /api/v3/ticker/price?symbol=BTCUSDT HTTP/1.1" 200 45
21:16:04 [DEBUG] urllib3.connectionpool: https://api.binance.com:443 "GET /api/v3/ticker/price?symbol=BTCUSDT HTTP/1.1" 200 45
21:16:04 [DEBUG] urllib3.connectionpool: https://api.binance.com:443 "GET /api/v3/ticker/price?symbol=BTCUSDT HTTP/1.1" 200 45
21:16:05 [DEBUG] urllib3.connectionpool: https://api.binance.com:443 "GET /api/v3/ticker/price?symbol=BTCUSDT HTTP/1.1" 200 45
21:16:06 [DEBUG] urllib3.connectionpool: https://api.binance.com:443 "GET /api/v3/ticker/price?symbol=BTCUSDT HTTP/1.1" 200 45
21:16:06 [DEBUG] urllib3.connectionpool: https://api.binance.com:443 "GET /api/v3/ticker/price?symbol=BTCUSDT HTTP/1.1" 200 45
21:16:07 [DEBUG] urllib3.connectionpool: https://api.binance.com:443 "GET /api/v3/ticker/price?symbol=BTCUSDT HTTP/1.1" 200 45
21:16:07 [DEBUG] urllib3.connectionpool: https://api.binance.com:443 "GET /api/v3/ticker/price?symbol=BTCUSDT HTTP/1.1" 200 45
21:16:08 [DEBUG] urllib3.connectionpool: https://api.binance.com:443 "GET /api/v3/ticker/price?symbol=BTCUSDT HTTP/1.1" 200 45
21:16:09 [DEBUG] urllib3.connectionpool: https://api.binance.com:443 "GET /api/v3/ticker/price?symbol=BTCUSDT HTTP/1.1" 200 45
21:16:09 [DEBUG] urllib3.connectionpool: https://api.binance.com:443 "GET /api/v3/ticker/price?symbol=BTCUSDT HTTP/1.1" 200 45
21:16:10 [DEBUG] urllib3.connectionpool: https://api.binance.com:443 "GET /api/v3/ticker/price?symbol=BTCUSDT HTTP/1.1" 200 45
21:16:10 [DEBUG] urllib3.connectionpool: https://api.binance.com:443 "GET /api/v3/ticker/price?symbol=BTCUSDT HTTP/1.1" 200 45
21:16:11 [DEBUG] urllib3.connectionpool: https://api.binance.com:443 "GET /api/v3/ticker/price?symbol=BTCUSDT HTTP/1.1" 200 45
21:16:11 [DEBUG] urllib3.connectionpool: https://api.binance.com:443 "GET /api/v3/ticker/price?symbol=BTCUSDT HTTP/1.1" 200 45
21:16:12 [DEBUG] urllib3.connectionpool: https://api.binance.com:443 "GET /api/v3/ticker/price?symbol=BTCUSDT HTTP/1.1" 200 45
21:16:13 [DEBUG] urllib3.connectionpool: https://api.binance.com:443 "GET /api/v3/ticker/price?symbol=BTCUSDT HTTP/1.1" 200 45
21:16:13 [DEBUG] urllib3.connectionpool: https://api.binance.com:443 "GET /api/v3/ticker/price?symbol=BTCUSDT HTTP/1.1" 200 45
21:16:14 [DEBUG] urllib3.connectionpool: https://api.binance.com:443 "GET /api/v3/ticker/price?symbol=BTCUSDT HTTP/1.1" 200 45
21:16:14 [DEBUG] urllib3.connectionpool: https://api.binance.com:443 "GET /api/v3/ticker/price?symbol=BTCUSDT HTTP/1.1" 200 45
21:16:15 [DEBUG] urllib3.connectionpool: https://api.binance.com:443 "GET /api/v3/ticker/price?symbol=BTCUSDT HTTP/1.1" 200 45
21:16:16 [DEBUG] urllib3.connectionpool: https://api.binance.com:443 "GET /api/v3/ticker/price?symbol=BTCUSDT HTTP/1.1" 200 45
21:16:16 [DEBUG] urllib3.connectionpool: https://api.binance.com:443 "GET /api/v3/ticker/price?symbol=BTCUSDT HTTP/1.1" 200 45
21:16:17 [DEBUG] urllib3.connectionpool: https://api.binance.com:443 "GET /api/v3/ticker/price?symbol=BTCUSDT HTTP/1.1" 200 45
21:16:17 [DEBUG] urllib3.connectionpool: https://api.binance.com:443 "GET /api/v3/ticker/price?symbol=BTCUSDT HTTP/1.1" 200 45
21:16:18 [DEBUG] urllib3.connectionpool: https://api.binance.com:443 "GET /api/v3/ticker/price?symbol=BTCUSDT HTTP/1.1" 200 45
21:16:19 [DEBUG] urllib3.connectionpool: https://api.binance.com:443 "GET /api/v3/ticker/price?symbol=BTCUSDT HTTP/1.1" 200 45
21:16:19 [DEBUG] urllib3.connectionpool: https://api.binance.com:443 "GET /api/v3/ticker/price?symbol=BTCUSDT HTTP/1.1" 200 45
21:16:20 [DEBUG] urllib3.connectionpool: https://api.binance.com:443 "GET /api/v3/ticker/price?symbol=BTCUSDT HTTP/1.1" 200 45
21:16:20 [DEBUG] urllib3.connectionpool: https://api.binance.com:443 "GET /api/v3/ticker/price?symbol=BTCUSDT HTTP/1.1" 200 45
21:16:21 [DEBUG] urllib3.connectionpool: https://api.binance.com:443 "GET /api/v3/ticker/price?symbol=BTCUSDT HTTP/1.1" 200 45
21:16:21 [DEBUG] urllib3.connectionpool: https://api.binance.com:443 "GET /api/v3/ticker/price?symbol=BTCUSDT HTTP/1.1" 200 45
21:16:22 [DEBUG] urllib3.connectionpool: https://api.binance.com:443 "GET /api/v3/ticker/price?symbol=BTCUSDT HTTP/1.1" 200 45
21:16:23 [DEBUG] urllib3.connectionpool: https://api.binance.com:443 "GET /api/v3/ticker/price?symbol=BTCUSDT HTTP/1.1" 200 45
21:16:23 [DEBUG] urllib3.connectionpool: https://api.binance.com:443 "GET /api/v3/ticker/price?symbol=BTCUSDT HTTP/1.1" 200 45
21:16:24 [DEBUG] urllib3.connectionpool: https://api.binance.com:443 "GET /api/v3/ticker/price?symbol=BTCUSDT HTTP/1.1" 200 45
21:16:24 [DEBUG] urllib3.connectionpool: https://api.binance.com:443 "GET /api/v3/ticker/price?symbol=BTCUSDT HTTP/1.1" 200 45
21:16:25 [DEBUG] urllib3.connectionpool: https://api.binance.com:443 "GET /api/v3/ticker/price?symbol=BTCUSDT HTTP/1.1" 200 45
21:16:26 [DEBUG] urllib3.connectionpool: https://api.binance.com:443 "GET /api/v3/ticker/price?symbol=BTCUSDT HTTP/1.1" 200 45
21:16:26 [DEBUG] urllib3.connectionpool: https://api.binance.com:443 "GET /api/v3/ticker/price?symbol=BTCUSDT HTTP/1.1" 200 45
21:16:27 [DEBUG] urllib3.connectionpool: https://api.binance.com:443 "GET /api/v3/ticker/price?symbol=BTCUSDT HTTP/1.1" 200 45
21:16:27 [DEBUG] urllib3.connectionpool: https://api.binance.com:443 "GET /api/v3/ticker/price?symbol=BTCUSDT HTTP/1.1" 200 45
21:16:28 [DEBUG] urllib3.connectionpool: https://api.binance.com:443 "GET /api/v3/ticker/price?symbol=BTCUSDT HTTP/1.1" 200 45
21:16:29 [DEBUG] urllib3.connectionpool: https://api.binance.com:443 "GET /api/v3/ticker/price?symbol=BTCUSDT HTTP/1.1" 200 45
21:16:29 [INFO] __main__: BTC5M HOLDING DOWN | btc=$82119.42 remaining=211s
21:16:29 [DEBUG] urllib3.connectionpool: https://api.binance.com:443 "GET /api/v3/ticker/price?symbol=BTCUSDT HTTP/1.1" 200 45
21:16:29 [INFO] __main__: BTC5M HOLDING DOWN | btc=$82119.43 remaining=210s
21:16:30 [DEBUG] urllib3.connectionpool: https://api.binance.com:443 "GET /api/v3/ticker/price?symbol=BTCUSDT HTTP/1.1" 200 45
21:16:30 [DEBUG] urllib3.connectionpool: https://api.binance.com:443 "GET /api/v3/ticker/price?symbol=BTCUSDT HTTP/1.1" 200 45
21:16:31 [DEBUG] urllib3.connectionpool: https://api.binance.com:443 "GET /api/v3/ticker/price?symbol=BTCUSDT HTTP/1.1" 200 45
21:16:31 [DEBUG] urllib3.connectionpool: https://api.binance.com:443 "GET /api/v3/ticker/price?symbol=BTCUSDT HTTP/1.1" 200 45
21:16:32 [DEBUG] urllib3.connectionpool: https://api.binance.com:443 "GET /api/v3/ticker/price?symbol=BTCUSDT HTTP/1.1" 200 45
21:16:33 [DEBUG] urllib3.connectionpool: https://api.binance.com:443 "GET /api/v3/ticker/price?symbol=BTCUSDT HTTP/1.1" 200 45
21:16:33 [DEBUG] urllib3.connectionpool: https://api.binance.com:443 "GET /api/v3/ticker/price?symbol=BTCUSDT HTTP/1.1" 200 45
21:16:34 [DEBUG] urllib3.connectionpool: https://api.binance.com:443 "GET /api/v3/ticker/price?symbol=BTCUSDT HTTP/1.1" 200 45
21:16:34 [DEBUG] urllib3.connectionpool: https://api.binance.com:443 "GET /api/v3/ticker/price?symbol=BTCUSDT HTTP/1.1" 200 45
21:16:35 [DEBUG] urllib3.connectionpool: https://api.binance.com:443 "GET /api/v3/ticker/price?symbol=BTCUSDT HTTP/1.1" 200 45
21:16:35 [DEBUG] urllib3.connectionpool: https://api.binance.com:443 "GET /api/v3/ticker/price?symbol=BTCUSDT HTTP/1.1" 200 45
21:16:36 [DEBUG] urllib3.connectionpool: https://api.binance.com:443 "GET /api/v3/ticker/price?symbol=BTCUSDT HTTP/1.1" 200 45
21:16:37 [DEBUG] urllib3.connectionpool: https://api.binance.com:443 "GET /api/v3/ticker/price?symbol=BTCUSDT HTTP/1.1" 200 45
21:16:37 [DEBUG] urllib3.connectionpool: https://api.binance.com:443 "GET /api/v3/ticker/price?symbol=BTCUSDT HTTP/1.1" 200 45
21:16:38 [DEBUG] urllib3.connectionpool: https://api.binance.com:443 "GET /api/v3/ticker/price?symbol=BTCUSDT HTTP/1.1" 200 45
21:16:39 [DEBUG] urllib3.connectionpool: https://api.binance.com:443 "GET /api/v3/ticker/price?symbol=BTCUSDT HTTP/1.1" 200 45
21:16:39 [DEBUG] urllib3.connectionpool: https://api.binance.com:443 "GET /api/v3/ticker/price?symbol=BTCUSDT HTTP/1.1" 200 45
21:16:40 [DEBUG] urllib3.connectionpool: https://api.binance.com:443 "GET /api/v3/ticker/price?symbol=BTCUSDT HTTP/1.1" 200 45
21:16:40 [DEBUG] urllib3.connectionpool: https://api.binance.com:443 "GET /api/v3/ticker/price?symbol=BTCUSDT HTTP/1.1" 200 45
21:16:41 [DEBUG] urllib3.connectionpool: https://api.binance.com:443 "GET /api/v3/ticker/price?symbol=BTCUSDT HTTP/1.1" 200 45
21:16:41 [DEBUG] urllib3.connectionpool: https://api.binance.com:443 "GET /api/v3/ticker/price?symbol=BTCUSDT HTTP/1.1" 200 45
21:16:42 [DEBUG] urllib3.connectionpool: https://api.binance.com:443 "GET /api/v3/ticker/price?symbol=BTCUSDT HTTP/1.1" 200 45
21:16:43 [DEBUG] urllib3.connectionpool: https://api.binance.com:443 "GET /api/v3/ticker/price?symbol=BTCUSDT HTTP/1.1" 200 45
21:16:43 [DEBUG] urllib3.connectionpool: https://api.binance.com:443 "GET /api/v3/ticker/price?symbol=BTCUSDT HTTP/1.1" 200 45
21:16:44 [DEBUG] urllib3.connectionpool: https://api.binance.com:443 "GET /api/v3/ticker/price?symbol=BTCUSDT HTTP/1.1" 200 45
21:16:44 [DEBUG] urllib3.connectionpool: https://api.binance.com:443 "GET /api/v3/ticker/price?symbol=BTCUSDT HTTP/1.1" 200 45
21:16:45 [DEBUG] urllib3.connectionpool: https://api.binance.com:443 "GET /api/v3/ticker/price?symbol=BTCUSDT HTTP/1.1" 200 45
21:16:45 [DEBUG] urllib3.connectionpool: https://api.binance.com:443 "GET /api/v3/ticker/price?symbol=BTCUSDT HTTP/1.1" 200 45
21:16:46 [DEBUG] urllib3.connectionpool: https://api.binance.com:443 "GET /api/v3/ticker/price?symbol=BTCUSDT HTTP/1.1" 200 45
21:16:47 [DEBUG] urllib3.connectionpool: https://api.binance.com:443 "GET /api/v3/ticker/price?symbol=BTCUSDT HTTP/1.1" 200 45
21:16:47 [DEBUG] urllib3.connectionpool: https://api.binance.com:443 "GET /api/v3/ticker/price?symbol=BTCUSDT HTTP/1.1" 200 45
21:16:48 [DEBUG] urllib3.connectionpool: https://api.binance.com:443 "GET /api/v3/ticker/price?symbol=BTCUSDT HTTP/1.1" 200 45
21:16:48 [DEBUG] urllib3.connectionpool: https://api.binance.com:443 "GET /api/v3/ticker/price?symbol=BTCUSDT HTTP/1.1" 200 45
21:16:49 [DEBUG] urllib3.connectionpool: https://api.binance.com:443 "GET /api/v3/ticker/price?symbol=BTCUSDT HTTP/1.1" 200 45
21:16:50 [DEBUG] urllib3.connectionpool: https://api.binance.com:443 "GET /api/v3/ticker/price?symbol=BTCUSDT HTTP/1.1" 200 45
21:16:50 [DEBUG] urllib3.connectionpool: https://api.binance.com:443 "GET /api/v3/ticker/price?symbol=BTCUSDT HTTP/1.1" 200 45
21:16:51 [DEBUG] urllib3.connectionpool: https://api.binance.com:443 "GET /api/v3/ticker/price?symbol=BTCUSDT HTTP/1.1" 200 45
21:16:51 [DEBUG] urllib3.connectionpool: https://api.binance.com:443 "GET /api/v3/ticker/price?symbol=BTCUSDT HTTP/1.1" 200 45
21:16:52 [DEBUG] urllib3.connectionpool: https://api.binance.com:443 "GET /api/v3/ticker/price?symbol=BTCUSDT HTTP/1.1" 200 45
21:16:52 [DEBUG] urllib3.connectionpool: https://api.binance.com:443 "GET /api/v3/ticker/price?symbol=BTCUSDT HTTP/1.1" 200 45
21:16:53 [DEBUG] urllib3.connectionpool: https://api.binance.com:443 "GET /api/v3/ticker/price?symbol=BTCUSDT HTTP/1.1" 200 45
21:16:54 [DEBUG] urllib3.connectionpool: https://api.binance.com:443 "GET /api/v3/ticker/price?symbol=BTCUSDT HTTP/1.1" 200 45
21:16:54 [DEBUG] urllib3.connectionpool: https://api.binance.com:443 "GET /api/v3/ticker/price?symbol=BTCUSDT HTTP/1.1" 200 45
21:16:55 [DEBUG] urllib3.connectionpool: https://api.binance.com:443 "GET /api/v3/ticker/price?symbol=BTCUSDT HTTP/1.1" 200 45
21:16:55 [DEBUG] urllib3.connectionpool: https://api.binance.com:443 "GET /api/v3/ticker/price?symbol=BTCUSDT HTTP/1.1" 200 45
21:16:56 [DEBUG] urllib3.connectionpool: https://api.binance.com:443 "GET /api/v3/ticker/price?symbol=BTCUSDT HTTP/1.1" 200 45
21:16:57 [DEBUG] urllib3.connectionpool: https://api.binance.com:443 "GET /api/v3/ticker/price?symbol=BTCUSDT HTTP/1.1" 200 45
21:16:57 [DEBUG] urllib3.connectionpool: https://api.binance.com:443 "GET /api/v3/ticker/price?symbol=BTCUSDT HTTP/1.1" 200 45
21:16:58 [DEBUG] urllib3.connectionpool: https://api.binance.com:443 "GET /api/v3/ticker/price?symbol=BTCUSDT HTTP/1.1" 200 45
21:16:58 [DEBUG] urllib3.connectionpool: https://api.binance.com:443 "GET /api/v3/ticker/price?symbol=BTCUSDT HTTP/1.1" 200 45
21:16:59 [DEBUG] urllib3.connectionpool: https://api.binance.com:443 "GET /api/v3/ticker/price?symbol=BTCUSDT HTTP/1.1" 200 45
21:16:59 [INFO] __main__: BTC5M HOLDING DOWN | btc=$82135.53 remaining=181s
21:16:59 [DEBUG] urllib3.connectionpool: https://api.binance.com:443 "GET /api/v3/ticker/price?symbol=BTCUSDT HTTP/1.1" 200 45
21:16:59 [INFO] __main__: BTC5M HOLDING DOWN | btc=$82135.54 remaining=180s
21:17:00 [DEBUG] urllib3.connectionpool: https://api.binance.com:443 "GET /api/v3/ticker/price?symbol=BTCUSDT HTTP/1.1" 200 45
21:17:01 [DEBUG] urllib3.connectionpool: https://api.binance.com:443 "GET /api/v3/ticker/price?symbol=BTCUSDT HTTP/1.1" 200 45
21:17:01 [DEBUG] urllib3.connectionpool: https://api.binance.com:443 "GET /api/v3/ticker/price?symbol=BTCUSDT HTTP/1.1" 200 45
21:17:02 [DEBUG] urllib3.connectionpool: https://api.binance.com:443 "GET /api/v3/ticker/price?symbol=BTCUSDT HTTP/1.1" 200 45
21:17:02 [DEBUG] urllib3.connectionpool: https://api.binance.com:443 "GET /api/v3/ticker/price?symbol=BTCUSDT HTTP/1.1" 200 45
21:17:03 [DEBUG] urllib3.connectionpool: https://api.binance.com:443 "GET /api/v3/ticker/price?symbol=BTCUSDT HTTP/1.1" 200 45
21:17:04 [DEBUG] urllib3.connectionpool: https://api.binance.com:443 "GET /api/v3/ticker/price?symbol=BTCUSDT HTTP/1.1" 200 45
21:17:04 [DEBUG] urllib3.connectionpool: https://api.binance.com:443 "GET /api/v3/ticker/price?symbol=BTCUSDT HTTP/1.1" 200 45
21:17:05 [DEBUG] urllib3.connectionpool: https://api.binance.com:443 "GET /api/v3/ticker/price?symbol=BTCUSDT HTTP/1.1" 200 45
21:17:05 [DEBUG] urllib3.connectionpool: https://api.binance.com:443 "GET /api/v3/ticker/price?symbol=BTCUSDT HTTP/1.1" 200 45
21:17:06 [DEBUG] urllib3.connectionpool: https://api.binance.com:443 "GET /api/v3/ticker/price?symbol=BTCUSDT HTTP/1.1" 200 45
21:17:06 [DEBUG] urllib3.connectionpool: https://api.binance.com:443 "GET /api/v3/ticker/price?symbol=BTCUSDT HTTP/1.1" 200 45
21:17:07 [DEBUG] urllib3.connectionpool: https://api.binance.com:443 "GET /api/v3/ticker/price?symbol=BTCUSDT HTTP/1.1" 200 45
21:17:08 [DEBUG] urllib3.connectionpool: https://api.binance.com:443 "GET /api/v3/ticker/price?symbol=BTCUSDT HTTP/1.1" 200 45
21:17:08 [DEBUG] urllib3.connectionpool: https://api.binance.com:443 "GET /api/v3/ticker/price?symbol=BTCUSDT HTTP/1.1" 200 45
21:17:09 [DEBUG] urllib3.connectionpool: https://api.binance.com:443 "GET /api/v3/ticker/price?symbol=BTCUSDT HTTP/1.1" 200 45
21:17:09 [DEBUG] urllib3.connectionpool: https://api.binance.com:443 "GET /api/v3/ticker/price?symbol=BTCUSDT HTTP/1.1" 200 45
21:17:10 [DEBUG] urllib3.connectionpool: https://api.binance.com:443 "GET /api/v3/ticker/price?symbol=BTCUSDT HTTP/1.1" 200 45
21:17:10 [DEBUG] urllib3.connectionpool: https://api.binance.com:443 "GET /api/v3/ticker/price?symbol=BTCUSDT HTTP/1.1" 200 45
21:17:11 [DEBUG] urllib3.connectionpool: https://api.binance.com:443 "GET /api/v3/ticker/price?symbol=BTCUSDT HTTP/1.1" 200 45
21:17:12 [DEBUG] urllib3.connectionpool: https://api.binance.com:443 "GET /api/v3/ticker/price?symbol=BTCUSDT HTTP/1.1" 200 45
21:17:12 [DEBUG] urllib3.connectionpool: https://api.binance.com:443 "GET /api/v3/ticker/price?symbol=BTCUSDT HTTP/1.1" 200 45
21:17:13 [DEBUG] urllib3.connectionpool: https://api.binance.com:443 "GET /api/v3/ticker/price?symbol=BTCUSDT HTTP/1.1" 200 45
21:17:14 [DEBUG] urllib3.connectionpool: https://api.binance.com:443 "GET /api/v3/ticker/price?symbol=BTCUSDT HTTP/1.1" 200 45
21:17:14 [DEBUG] urllib3.connectionpool: https://api.binance.com:443 "GET /api/v3/ticker/price?symbol=BTCUSDT HTTP/1.1" 200 45
21:17:15 [DEBUG] urllib3.connectionpool: https://api.binance.com:443 "GET /api/v3/ticker/price?symbol=BTCUSDT HTTP/1.1" 200 45
21:17:15 [DEBUG] urllib3.connectionpool: https://api.binance.com:443 "GET /api/v3/ticker/price?symbol=BTCUSDT HTTP/1.1" 200 45
21:17:16 [DEBUG] urllib3.connectionpool: https://api.binance.com:443 "GET /api/v3/ticker/price?symbol=BTCUSDT HTTP/1.1" 200 45
21:17:17 [DEBUG] urllib3.connectionpool: https://api.binance.com:443 "GET /api/v3/ticker/price?symbol=BTCUSDT HTTP/1.1" 200 45
21:17:17 [DEBUG] urllib3.connectionpool: https://api.binance.com:443 "GET /api/v3/ticker/price?symbol=BTCUSDT HTTP/1.1" 200 45
21:17:18 [DEBUG] urllib3.connectionpool: https://api.binance.com:443 "GET /api/v3/ticker/price?symbol=BTCUSDT HTTP/1.1" 200 45
21:17:18 [DEBUG] urllib3.connectionpool: https://api.binance.com:443 "GET /api/v3/ticker/price?symbol=BTCUSDT HTTP/1.1" 200 45
21:17:19 [DEBUG] urllib3.connectionpool: https://api.binance.com:443 "GET /api/v3/ticker/price?symbol=BTCUSDT HTTP/1.1" 200 45
21:17:20 [DEBUG] urllib3.connectionpool: https://api.binance.com:443 "GET /api/v3/ticker/price?symbol=BTCUSDT HTTP/1.1" 200 45
21:17:20 [DEBUG] urllib3.connectionpool: https://api.binance.com:443 "GET /api/v3/ticker/price?symbol=BTCUSDT HTTP/1.1" 200 45
21:17:21 [DEBUG] urllib3.connectionpool: https://api.binance.com:443 "GET /api/v3/ticker/price?symbol=BTCUSDT HTTP/1.1" 200 45
21:17:21 [DEBUG] urllib3.connectionpool: https://api.binance.com:443 "GET /api/v3/ticker/price?symbol=BTCUSDT HTTP/1.1" 200 45
21:17:22 [DEBUG] urllib3.connectionpool: https://api.binance.com:443 "GET /api/v3/ticker/price?symbol=BTCUSDT HTTP/1.1" 200 45
21:17:22 [DEBUG] urllib3.connectionpool: https://api.binance.com:443 "GET /api/v3/ticker/price?symbol=BTCUSDT HTTP/1.1" 200 45
21:17:23 [DEBUG] urllib3.connectionpool: https://api.binance.com:443 "GET /api/v3/ticker/price?symbol=BTCUSDT HTTP/1.1" 200 45
21:17:24 [DEBUG] urllib3.connectionpool: https://api.binance.com:443 "GET /api/v3/ticker/price?symbol=BTCUSDT HTTP/1.1" 200 45
21:17:24 [DEBUG] urllib3.connectionpool: https://api.binance.com:443 "GET /api/v3/ticker/price?symbol=BTCUSDT HTTP/1.1" 200 45
21:17:25 [DEBUG] urllib3.connectionpool: https://api.binance.com:443 "GET /api/v3/ticker/price?symbol=BTCUSDT HTTP/1.1" 200 45
21:17:25 [DEBUG] urllib3.connectionpool: https://api.binance.com:443 "GET /api/v3/ticker/price?symbol=BTCUSDT HTTP/1.1" 200 45
21:17:26 [DEBUG] urllib3.connectionpool: https://api.binance.com:443 "GET /api/v3/ticker/price?symbol=BTCUSDT HTTP/1.1" 200 45
21:17:27 [DEBUG] urllib3.connectionpool: https://api.binance.com:443 "GET /api/v3/ticker/price?symbol=BTCUSDT HTTP/1.1" 200 45
21:17:27 [DEBUG] urllib3.connectionpool: https://api.binance.com:443 "GET /api/v3/ticker/price?symbol=BTCUSDT HTTP/1.1" 200 45
21:17:28 [DEBUG] urllib3.connectionpool: https://api.binance.com:443 "GET /api/v3/ticker/price?symbol=BTCUSDT HTTP/1.1" 200 45
21:17:28 [DEBUG] urllib3.connectionpool: https://api.binance.com:443 "GET /api/v3/ticker/price?symbol=BTCUSDT HTTP/1.1" 200 45
21:17:29 [DEBUG] urllib3.connectionpool: https://api.binance.com:443 "GET /api/v3/ticker/price?symbol=BTCUSDT HTTP/1.1" 200 45
21:17:29 [INFO] __main__: BTC5M HOLDING DOWN | btc=$82122.96 remaining=151s
21:17:29 [DEBUG] urllib3.connectionpool: https://api.binance.com:443 "GET /api/v3/ticker/price?symbol=BTCUSDT HTTP/1.1" 200 45
21:17:29 [INFO] __main__: BTC5M HOLDING DOWN | btc=$82122.97 remaining=150s
21:17:30 [DEBUG] urllib3.connectionpool: https://api.binance.com:443 "GET /api/v3/ticker/price?symbol=BTCUSDT HTTP/1.1" 200 45
21:17:31 [DEBUG] urllib3.connectionpool: https://api.binance.com:443 "GET /api/v3/ticker/price?symbol=BTCUSDT HTTP/1.1" 200 45
21:17:31 [DEBUG] urllib3.connectionpool: https://api.binance.com:443 "GET /api/v3/ticker/price?symbol=BTCUSDT HTTP/1.1" 200 45
21:17:32 [DEBUG] urllib3.connectionpool: https://api.binance.com:443 "GET /api/v3/ticker/price?symbol=BTCUSDT HTTP/1.1" 200 45
21:17:32 [DEBUG] urllib3.connectionpool: https://api.binance.com:443 "GET /api/v3/ticker/price?symbol=BTCUSDT HTTP/1.1" 200 45
21:17:33 [DEBUG] urllib3.connectionpool: https://api.binance.com:443 "GET /api/v3/ticker/price?symbol=BTCUSDT HTTP/1.1" 200 45
21:17:33 [DEBUG] urllib3.connectionpool: https://api.binance.com:443 "GET /api/v3/ticker/price?symbol=BTCUSDT HTTP/1.1" 200 45
21:17:34 [DEBUG] urllib3.connectionpool: https://api.binance.com:443 "GET /api/v3/ticker/price?symbol=BTCUSDT HTTP/1.1" 200 45
21:17:35 [DEBUG] urllib3.connectionpool: https://api.binance.com:443 "GET /api/v3/ticker/price?symbol=BTCUSDT HTTP/1.1" 200 45
21:17:35 [DEBUG] urllib3.connectionpool: https://api.binance.com:443 "GET /api/v3/ticker/price?symbol=BTCUSDT HTTP/1.1" 200 45
21:17:36 [DEBUG] urllib3.connectionpool: https://api.binance.com:443 "GET /api/v3/ticker/price?symbol=BTCUSDT HTTP/1.1" 200 45
21:17:36 [DEBUG] urllib3.connectionpool: https://api.binance.com:443 "GET /api/v3/ticker/price?symbol=BTCUSDT HTTP/1.1" 200 45
21:17:37 [DEBUG] urllib3.connectionpool: https://api.binance.com:443 "GET /api/v3/ticker/price?symbol=BTCUSDT HTTP/1.1" 200 45
21:17:38 [DEBUG] urllib3.connectionpool: https://api.binance.com:443 "GET /api/v3/ticker/price?symbol=BTCUSDT HTTP/1.1" 200 45
21:17:38 [DEBUG] urllib3.connectionpool: https://api.binance.com:443 "GET /api/v3/ticker/price?symbol=BTCUSDT HTTP/1.1" 200 45
21:17:39 [DEBUG] urllib3.connectionpool: https://api.binance.com:443 "GET /api/v3/ticker/price?symbol=BTCUSDT HTTP/1.1" 200 45
21:17:39 [DEBUG] urllib3.connectionpool: https://api.binance.com:443 "GET /api/v3/ticker/price?symbol=BTCUSDT HTTP/1.1" 200 45
21:17:40 [DEBUG] urllib3.connectionpool: https://api.binance.com:443 "GET /api/v3/ticker/price?symbol=BTCUSDT HTTP/1.1" 200 45
21:17:40 [DEBUG] urllib3.connectionpool: https://api.binance.com:443 "GET /api/v3/ticker/price?symbol=BTCUSDT HTTP/1.1" 200 45
21:17:41 [DEBUG] urllib3.connectionpool: https://api.binance.com:443 "GET /api/v3/ticker/price?symbol=BTCUSDT HTTP/1.1" 200 45
21:17:42 [DEBUG] urllib3.connectionpool: https://api.binance.com:443 "GET /api/v3/ticker/price?symbol=BTCUSDT HTTP/1.1" 200 45
21:17:42 [DEBUG] urllib3.connectionpool: https://api.binance.com:443 "GET /api/v3/ticker/price?symbol=BTCUSDT HTTP/1.1" 200 45
21:17:43 [DEBUG] urllib3.connectionpool: https://api.binance.com:443 "GET /api/v3/ticker/price?symbol=BTCUSDT HTTP/1.1" 200 45
21:17:43 [DEBUG] urllib3.connectionpool: https://api.binance.com:443 "GET /api/v3/ticker/price?symbol=BTCUSDT HTTP/1.1" 200 45
21:17:44 [DEBUG] urllib3.connectionpool: https://api.binance.com:443 "GET /api/v3/ticker/price?symbol=BTCUSDT HTTP/1.1" 200 45
21:17:45 [DEBUG] urllib3.connectionpool: https://api.binance.com:443 "GET /api/v3/ticker/price?symbol=BTCUSDT HTTP/1.1" 200 45
21:17:45 [DEBUG] urllib3.connectionpool: https://api.binance.com:443 "GET /api/v3/ticker/price?symbol=BTCUSDT HTTP/1.1" 200 45
21:17:46 [DEBUG] urllib3.connectionpool: https://api.binance.com:443 "GET /api/v3/ticker/price?symbol=BTCUSDT HTTP/1.1" 200 45
21:17:46 [DEBUG] urllib3.connectionpool: https://api.binance.com:443 "GET /api/v3/ticker/price?symbol=BTCUSDT HTTP/1.1" 200 45
21:17:47 [DEBUG] urllib3.connectionpool: https://api.binance.com:443 "GET /api/v3/ticker/price?symbol=BTCUSDT HTTP/1.1" 200 45
21:17:47 [DEBUG] urllib3.connectionpool: https://api.binance.com:443 "GET /api/v3/ticker/price?symbol=BTCUSDT HTTP/1.1" 200 45
21:17:48 [DEBUG] urllib3.connectionpool: https://api.binance.com:443 "GET /api/v3/ticker/price?symbol=BTCUSDT HTTP/1.1" 200 45
21:17:49 [DEBUG] urllib3.connectionpool: https://api.binance.com:443 "GET /api/v3/ticker/price?symbol=BTCUSDT HTTP/1.1" 200 45
21:17:49 [DEBUG] urllib3.connectionpool: https://api.binance.com:443 "GET /api/v3/ticker/price?symbol=BTCUSDT HTTP/1.1" 200 45
21:17:50 [DEBUG] urllib3.connectionpool: https://api.binance.com:443 "GET /api/v3/ticker/price?symbol=BTCUSDT HTTP/1.1" 200 45
21:17:50 [DEBUG] urllib3.connectionpool: https://api.binance.com:443 "GET /api/v3/ticker/price?symbol=BTCUSDT HTTP/1.1" 200 45
21:17:51 [DEBUG] urllib3.connectionpool: https://api.binance.com:443 "GET /api/v3/ticker/price?symbol=BTCUSDT HTTP/1.1" 200 45
21:17:52 [DEBUG] urllib3.connectionpool: https://api.binance.com:443 "GET /api/v3/ticker/price?symbol=BTCUSDT HTTP/1.1" 200 45
21:17:52 [DEBUG] urllib3.connectionpool: https://api.binance.com:443 "GET /api/v3/ticker/price?symbol=BTCUSDT HTTP/1.1" 200 45
21:17:53 [DEBUG] urllib3.connectionpool: https://api.binance.com:443 "GET /api/v3/ticker/price?symbol=BTCUSDT HTTP/1.1" 200 45
21:17:53 [DEBUG] urllib3.connectionpool: https://api.binance.com:443 "GET /api/v3/ticker/price?symbol=BTCUSDT HTTP/1.1" 200 45
21:17:54 [DEBUG] urllib3.connectionpool: https://api.binance.com:443 "GET /api/v3/ticker/price?symbol=BTCUSDT HTTP/1.1" 200 45
21:17:55 [DEBUG] urllib3.connectionpool: https://api.binance.com:443 "GET /api/v3/ticker/price?symbol=BTCUSDT HTTP/1.1" 200 45
21:17:55 [DEBUG] urllib3.connectionpool: https://api.binance.com:443 "GET /api/v3/ticker/price?symbol=BTCUSDT HTTP/1.1" 200 45
21:17:56 [DEBUG] urllib3.connectionpool: https://api.binance.com:443 "GET /api/v3/ticker/price?symbol=BTCUSDT HTTP/1.1" 200 45
21:17:56 [DEBUG] urllib3.connectionpool: https://api.binance.com:443 "GET /api/v3/ticker/price?symbol=BTCUSDT HTTP/1.1" 200 45
21:17:57 [DEBUG] urllib3.connectionpool: https://api.binance.com:443 "GET /api/v3/ticker/price?symbol=BTCUSDT HTTP/1.1" 200 45
21:17:57 [DEBUG] urllib3.connectionpool: https://api.binance.com:443 "GET /api/v3/ticker/price?symbol=BTCUSDT HTTP/1.1" 200 45
21:17:58 [DEBUG] urllib3.connectionpool: https://api.binance.com:443 "GET /api/v3/ticker/price?symbol=BTCUSDT HTTP/1.1" 200 45
21:17:59 [DEBUG] urllib3.connectionpool: https://api.binance.com:443 "GET /api/v3/ticker/price?symbol=BTCUSDT HTTP/1.1" 200 45
21:17:59 [INFO] __main__: BTC5M HOLDING DOWN | btc=$82163.99 remaining=121s
21:17:59 [DEBUG] urllib3.connectionpool: https://api.binance.com:443 "GET /api/v3/ticker/price?symbol=BTCUSDT HTTP/1.1" 200 45
21:17:59 [INFO] __main__: BTC5M HOLDING DOWN | btc=$82164.00 remaining=120s
21:18:00 [DEBUG] urllib3.connectionpool: https://api.binance.com:443 "GET /api/v3/ticker/price?symbol=BTCUSDT HTTP/1.1" 200 45
21:18:00 [DEBUG] urllib3.connectionpool: https://api.binance.com:443 "GET /api/v3/ticker/price?symbol=BTCUSDT HTTP/1.1" 200 45
21:18:01 [DEBUG] urllib3.connectionpool: https://api.binance.com:443 "GET /api/v3/ticker/price?symbol=BTCUSDT HTTP/1.1" 200 45
21:18:02 [DEBUG] urllib3.connectionpool: https://api.binance.com:443 "GET /api/v3/ticker/price?symbol=BTCUSDT HTTP/1.1" 200 45
21:18:02 [DEBUG] urllib3.connectionpool: https://api.binance.com:443 "GET /api/v3/ticker/price?symbol=BTCUSDT HTTP/1.1" 200 45
21:18:03 [DEBUG] urllib3.connectionpool: https://api.binance.com:443 "GET /api/v3/ticker/price?symbol=BTCUSDT HTTP/1.1" 200 45
21:18:03 [DEBUG] urllib3.connectionpool: https://api.binance.com:443 "GET /api/v3/ticker/price?symbol=BTCUSDT HTTP/1.1" 200 45
21:18:04 [DEBUG] urllib3.connectionpool: https://api.binance.com:443 "GET /api/v3/ticker/price?symbol=BTCUSDT HTTP/1.1" 200 45
21:18:05 [DEBUG] urllib3.connectionpool: https://api.binance.com:443 "GET /api/v3/ticker/price?symbol=BTCUSDT HTTP/1.1" 200 45
21:18:05 [DEBUG] urllib3.connectionpool: https://api.binance.com:443 "GET /api/v3/ticker/price?symbol=BTCUSDT HTTP/1.1" 200 45
21:18:06 [DEBUG] urllib3.connectionpool: https://api.binance.com:443 "GET /api/v3/ticker/price?symbol=BTCUSDT HTTP/1.1" 200 45
21:18:06 [DEBUG] urllib3.connectionpool: https://api.binance.com:443 "GET /api/v3/ticker/price?symbol=BTCUSDT HTTP/1.1" 200 45
21:18:07 [DEBUG] urllib3.connectionpool: https://api.binance.com:443 "GET /api/v3/ticker/price?symbol=BTCUSDT HTTP/1.1" 200 45
21:18:07 [DEBUG] urllib3.connectionpool: https://api.binance.com:443 "GET /api/v3/ticker/price?symbol=BTCUSDT HTTP/1.1" 200 45
21:18:08 [DEBUG] urllib3.connectionpool: https://api.binance.com:443 "GET /api/v3/ticker/price?symbol=BTCUSDT HTTP/1.1" 200 45
21:18:09 [DEBUG] urllib3.connectionpool: https://api.binance.com:443 "GET /api/v3/ticker/price?symbol=BTCUSDT HTTP/1.1" 200 45
21:18:09 [DEBUG] urllib3.connectionpool: https://api.binance.com:443 "GET /api/v3/ticker/price?symbol=BTCUSDT HTTP/1.1" 200 45
21:18:10 [DEBUG] urllib3.connectionpool: https://api.binance.com:443 "GET /api/v3/ticker/price?symbol=BTCUSDT HTTP/1.1" 200 45
21:18:10 [DEBUG] urllib3.connectionpool: https://api.binance.com:443 "GET /api/v3/ticker/price?symbol=BTCUSDT HTTP/1.1" 200 45
21:18:11 [DEBUG] urllib3.connectionpool: https://api.binance.com:443 "GET /api/v3/ticker/price?symbol=BTCUSDT HTTP/1.1" 200 45
21:18:11 [DEBUG] urllib3.connectionpool: https://api.binance.com:443 "GET /api/v3/ticker/price?symbol=BTCUSDT HTTP/1.1" 200 45
21:18:12 [DEBUG] urllib3.connectionpool: https://api.binance.com:443 "GET /api/v3/ticker/price?symbol=BTCUSDT HTTP/1.1" 200 45
21:18:13 [DEBUG] urllib3.connectionpool: https://api.binance.com:443 "GET /api/v3/ticker/price?symbol=BTCUSDT HTTP/1.1" 200 45
21:18:13 [DEBUG] urllib3.connectionpool: https://api.binance.com:443 "GET /api/v3/ticker/price?symbol=BTCUSDT HTTP/1.1" 200 45
21:18:14 [DEBUG] urllib3.connectionpool: https://api.binance.com:443 "GET /api/v3/ticker/price?symbol=BTCUSDT HTTP/1.1" 200 45
21:18:14 [DEBUG] urllib3.connectionpool: https://api.binance.com:443 "GET /api/v3/ticker/price?symbol=BTCUSDT HTTP/1.1" 200 45
21:18:15 [DEBUG] urllib3.connectionpool: https://api.binance.com:443 "GET /api/v3/ticker/price?symbol=BTCUSDT HTTP/1.1" 200 45
21:18:16 [DEBUG] urllib3.connectionpool: https://api.binance.com:443 "GET /api/v3/ticker/price?symbol=BTCUSDT HTTP/1.1" 200 45
21:18:16 [DEBUG] urllib3.connectionpool: https://api.binance.com:443 "GET /api/v3/ticker/price?symbol=BTCUSDT HTTP/1.1" 200 45
21:18:17 [DEBUG] urllib3.connectionpool: https://api.binance.com:443 "GET /api/v3/ticker/price?symbol=BTCUSDT HTTP/1.1" 200 45
21:18:17 [DEBUG] urllib3.connectionpool: https://api.binance.com:443 "GET /api/v3/ticker/price?symbol=BTCUSDT HTTP/1.1" 200 45
21:18:18 [DEBUG] urllib3.connectionpool: https://api.binance.com:443 "GET /api/v3/ticker/price?symbol=BTCUSDT HTTP/1.1" 200 45
21:18:18 [DEBUG] urllib3.connectionpool: https://api.binance.com:443 "GET /api/v3/ticker/price?symbol=BTCUSDT HTTP/1.1" 200 45
21:18:19 [DEBUG] urllib3.connectionpool: https://api.binance.com:443 "GET /api/v3/ticker/price?symbol=BTCUSDT HTTP/1.1" 200 45
21:18:20 [DEBUG] urllib3.connectionpool: https://api.binance.com:443 "GET /api/v3/ticker/price?symbol=BTCUSDT HTTP/1.1" 200 45
21:18:20 [DEBUG] urllib3.connectionpool: https://api.binance.com:443 "GET /api/v3/ticker/price?symbol=BTCUSDT HTTP/1.1" 200 45
21:18:21 [DEBUG] urllib3.connectionpool: https://api.binance.com:443 "GET /api/v3/ticker/price?symbol=BTCUSDT HTTP/1.1" 200 45
21:18:21 [DEBUG] urllib3.connectionpool: https://api.binance.com:443 "GET /api/v3/ticker/price?symbol=BTCUSDT HTTP/1.1" 200 45
21:18:22 [DEBUG] urllib3.connectionpool: https://api.binance.com:443 "GET /api/v3/ticker/price?symbol=BTCUSDT HTTP/1.1" 200 45
21:18:23 [DEBUG] urllib3.connectionpool: https://api.binance.com:443 "GET /api/v3/ticker/price?symbol=BTCUSDT HTTP/1.1" 200 45
21:18:23 [DEBUG] urllib3.connectionpool: https://api.binance.com:443 "GET /api/v3/ticker/price?symbol=BTCUSDT HTTP/1.1" 200 45
21:18:24 [DEBUG] urllib3.connectionpool: https://api.binance.com:443 "GET /api/v3/ticker/price?symbol=BTCUSDT HTTP/1.1" 200 45
21:18:24 [DEBUG] urllib3.connectionpool: https://api.binance.com:443 "GET /api/v3/ticker/price?symbol=BTCUSDT HTTP/1.1" 200 45
21:18:25 [DEBUG] urllib3.connectionpool: https://api.binance.com:443 "GET /api/v3/ticker/price?symbol=BTCUSDT HTTP/1.1" 200 45
21:18:25 [DEBUG] urllib3.connectionpool: https://api.binance.com:443 "GET /api/v3/ticker/price?symbol=BTCUSDT HTTP/1.1" 200 45
21:18:26 [DEBUG] urllib3.connectionpool: https://api.binance.com:443 "GET /api/v3/ticker/price?symbol=BTCUSDT HTTP/1.1" 200 45
21:18:27 [DEBUG] urllib3.connectionpool: https://api.binance.com:443 "GET /api/v3/ticker/price?symbol=BTCUSDT HTTP/1.1" 200 45
21:18:27 [DEBUG] urllib3.connectionpool: https://api.binance.com:443 "GET /api/v3/ticker/price?symbol=BTCUSDT HTTP/1.1" 200 45
21:18:28 [DEBUG] urllib3.connectionpool: https://api.binance.com:443 "GET /api/v3/ticker/price?symbol=BTCUSDT HTTP/1.1" 200 45
21:18:28 [DEBUG] urllib3.connectionpool: https://api.binance.com:443 "GET /api/v3/ticker/price?symbol=BTCUSDT HTTP/1.1" 200 45
21:18:29 [DEBUG] urllib3.connectionpool: https://api.binance.com:443 "GET /api/v3/ticker/price?symbol=BTCUSDT HTTP/1.1" 200 45
21:18:29 [INFO] __main__: BTC5M HOLDING DOWN | btc=$82144.73 remaining=90s
21:18:30 [DEBUG] urllib3.connectionpool: https://api.binance.com:443 "GET /api/v3/ticker/price?symbol=BTCUSDT HTTP/1.1" 200 45
21:18:31 [DEBUG] urllib3.connectionpool: https://api.binance.com:443 "GET /api/v3/ticker/price?symbol=BTCUSDT HTTP/1.1" 200 45
21:18:31 [DEBUG] urllib3.connectionpool: https://api.binance.com:443 "GET /api/v3/ticker/price?symbol=BTCUSDT HTTP/1.1" 200 45
21:18:32 [DEBUG] urllib3.connectionpool: https://api.binance.com:443 "GET /api/v3/ticker/price?symbol=BTCUSDT HTTP/1.1" 200 45
21:18:32 [DEBUG] urllib3.connectionpool: https://api.binance.com:443 "GET /api/v3/ticker/price?symbol=BTCUSDT HTTP/1.1" 200 45
21:18:33 [DEBUG] urllib3.connectionpool: https://api.binance.com:443 "GET /api/v3/ticker/price?symbol=BTCUSDT HTTP/1.1" 200 45
21:18:34 [DEBUG] urllib3.connectionpool: https://api.binance.com:443 "GET /api/v3/ticker/price?symbol=BTCUSDT HTTP/1.1" 200 45
21:18:34 [DEBUG] urllib3.connectionpool: https://api.binance.com:443 "GET /api/v3/ticker/price?symbol=BTCUSDT HTTP/1.1" 200 45
21:18:35 [DEBUG] urllib3.connectionpool: https://api.binance.com:443 "GET /api/v3/ticker/price?symbol=BTCUSDT HTTP/1.1" 200 45
21:18:35 [DEBUG] urllib3.connectionpool: https://api.binance.com:443 "GET /api/v3/ticker/price?symbol=BTCUSDT HTTP/1.1" 200 45
21:18:36 [DEBUG] urllib3.connectionpool: https://api.binance.com:443 "GET /api/v3/ticker/price?symbol=BTCUSDT HTTP/1.1" 200 45
21:18:36 [DEBUG] urllib3.connectionpool: https://api.binance.com:443 "GET /api/v3/ticker/price?symbol=BTCUSDT HTTP/1.1" 200 45
21:18:37 [DEBUG] urllib3.connectionpool: https://api.binance.com:443 "GET /api/v3/ticker/price?symbol=BTCUSDT HTTP/1.1" 200 45
21:18:38 [DEBUG] urllib3.connectionpool: https://api.binance.com:443 "GET /api/v3/ticker/price?symbol=BTCUSDT HTTP/1.1" 200 45
21:18:38 [DEBUG] urllib3.connectionpool: https://api.binance.com:443 "GET /api/v3/ticker/price?symbol=BTCUSDT HTTP/1.1" 200 45
21:18:39 [DEBUG] urllib3.connectionpool: https://api.binance.com:443 "GET /api/v3/ticker/price?symbol=BTCUSDT HTTP/1.1" 200 45
21:18:40 [DEBUG] urllib3.connectionpool: https://api.binance.com:443 "GET /api/v3/ticker/price?symbol=BTCUSDT HTTP/1.1" 200 45
21:18:40 [DEBUG] urllib3.connectionpool: https://api.binance.com:443 "GET /api/v3/ticker/price?symbol=BTCUSDT HTTP/1.1" 200 45
21:18:41 [DEBUG] urllib3.connectionpool: https://api.binance.com:443 "GET /api/v3/ticker/price?symbol=BTCUSDT HTTP/1.1" 200 45
21:18:41 [DEBUG] urllib3.connectionpool: https://api.binance.com:443 "GET /api/v3/ticker/price?symbol=BTCUSDT HTTP/1.1" 200 45
21:18:42 [DEBUG] urllib3.connectionpool: https://api.binance.com:443 "GET /api/v3/ticker/price?symbol=BTCUSDT HTTP/1.1" 200 45
21:18:42 [DEBUG] urllib3.connectionpool: https://api.binance.com:443 "GET /api/v3/ticker/price?symbol=BTCUSDT HTTP/1.1" 200 45
21:18:43 [DEBUG] urllib3.connectionpool: https://api.binance.com:443 "GET /api/v3/ticker/price?symbol=BTCUSDT HTTP/1.1" 200 45
21:18:44 [DEBUG] urllib3.connectionpool: https://api.binance.com:443 "GET /api/v3/ticker/price?symbol=BTCUSDT HTTP/1.1" 200 45
21:18:44 [DEBUG] urllib3.connectionpool: https://api.binance.com:443 "GET /api/v3/ticker/price?symbol=BTCUSDT HTTP/1.1" 200 45
21:18:45 [DEBUG] urllib3.connectionpool: https://api.binance.com:443 "GET /api/v3/ticker/price?symbol=BTCUSDT HTTP/1.1" 200 45
21:18:45 [DEBUG] urllib3.connectionpool: https://api.binance.com:443 "GET /api/v3/ticker/price?symbol=BTCUSDT HTTP/1.1" 200 45
21:18:46 [DEBUG] urllib3.connectionpool: https://api.binance.com:443 "GET /api/v3/ticker/price?symbol=BTCUSDT HTTP/1.1" 200 45
21:18:47 [DEBUG] urllib3.connectionpool: https://api.binance.com:443 "GET /api/v3/ticker/price?symbol=BTCUSDT HTTP/1.1" 200 45
21:18:47 [DEBUG] urllib3.connectionpool: https://api.binance.com:443 "GET /api/v3/ticker/price?symbol=BTCUSDT HTTP/1.1" 200 45
21:18:48 [DEBUG] urllib3.connectionpool: https://api.binance.com:443 "GET /api/v3/ticker/price?symbol=BTCUSDT HTTP/1.1" 200 45
21:18:48 [DEBUG] urllib3.connectionpool: https://api.binance.com:443 "GET /api/v3/ticker/price?symbol=BTCUSDT HTTP/1.1" 200 45
21:18:49 [DEBUG] urllib3.connectionpool: https://api.binance.com:443 "GET /api/v3/ticker/price?symbol=BTCUSDT HTTP/1.1" 200 45
21:18:49 [DEBUG] urllib3.connectionpool: https://api.binance.com:443 "GET /api/v3/ticker/price?symbol=BTCUSDT HTTP/1.1" 200 45
21:18:50 [DEBUG] urllib3.connectionpool: https://api.binance.com:443 "GET /api/v3/ticker/price?symbol=BTCUSDT HTTP/1.1" 200 45
21:18:51 [DEBUG] urllib3.connectionpool: https://api.binance.com:443 "GET /api/v3/ticker/price?symbol=BTCUSDT HTTP/1.1" 200 45
21:18:51 [DEBUG] urllib3.connectionpool: https://api.binance.com:443 "GET /api/v3/ticker/price?symbol=BTCUSDT HTTP/1.1" 200 45
21:18:52 [DEBUG] urllib3.connectionpool: https://api.binance.com:443 "GET /api/v3/ticker/price?symbol=BTCUSDT HTTP/1.1" 200 45
21:18:52 [DEBUG] urllib3.connectionpool: https://api.binance.com:443 "GET /api/v3/ticker/price?symbol=BTCUSDT HTTP/1.1" 200 45
21:18:53 [DEBUG] urllib3.connectionpool: https://api.binance.com:443 "GET /api/v3/ticker/price?symbol=BTCUSDT HTTP/1.1" 200 45
21:18:54 [DEBUG] urllib3.connectionpool: https://api.binance.com:443 "GET /api/v3/ticker/price?symbol=BTCUSDT HTTP/1.1" 200 45
21:18:54 [DEBUG] urllib3.connectionpool: https://api.binance.com:443 "GET /api/v3/ticker/price?symbol=BTCUSDT HTTP/1.1" 200 45
21:18:55 [DEBUG] urllib3.connectionpool: https://api.binance.com:443 "GET /api/v3/ticker/price?symbol=BTCUSDT HTTP/1.1" 200 45
21:18:55 [DEBUG] urllib3.connectionpool: https://api.binance.com:443 "GET /api/v3/ticker/price?symbol=BTCUSDT HTTP/1.1" 200 45
21:18:56 [DEBUG] urllib3.connectionpool: https://api.binance.com:443 "GET /api/v3/ticker/price?symbol=BTCUSDT HTTP/1.1" 200 45
21:18:57 [DEBUG] urllib3.connectionpool: https://api.binance.com:443 "GET /api/v3/ticker/price?symbol=BTCUSDT HTTP/1.1" 200 45
21:18:57 [DEBUG] urllib3.connectionpool: https://api.binance.com:443 "GET /api/v3/ticker/price?symbol=BTCUSDT HTTP/1.1" 200 45
21:18:58 [DEBUG] urllib3.connectionpool: https://api.binance.com:443 "GET /api/v3/ticker/price?symbol=BTCUSDT HTTP/1.1" 200 45
21:18:59 [DEBUG] urllib3.connectionpool: https://api.binance.com:443 "GET /api/v3/ticker/price?symbol=BTCUSDT HTTP/1.1" 200 45
21:18:59 [INFO] __main__: BTC5M HOLDING DOWN | btc=$82111.72 remaining=61s
21:18:59 [DEBUG] urllib3.connectionpool: https://api.binance.com:443 "GET /api/v3/ticker/price?symbol=BTCUSDT HTTP/1.1" 200 45
21:18:59 [INFO] __main__: BTC5M HOLDING DOWN | btc=$82111.73 remaining=60s
21:19:00 [DEBUG] urllib3.connectionpool: https://api.binance.com:443 "GET /api/v3/ticker/price?symbol=BTCUSDT HTTP/1.1" 200 45
21:19:01 [DEBUG] urllib3.connectionpool: https://api.binance.com:443 "GET /api/v3/ticker/price?symbol=BTCUSDT HTTP/1.1" 200 45
21:19:01 [DEBUG] urllib3.connectionpool: https://api.binance.com:443 "GET /api/v3/ticker/price?symbol=BTCUSDT HTTP/1.1" 200 45
21:19:02 [DEBUG] urllib3.connectionpool: https://api.binance.com:443 "GET /api/v3/ticker/price?symbol=BTCUSDT HTTP/1.1" 200 45
21:19:03 [DEBUG] urllib3.connectionpool: https://api.binance.com:443 "GET /api/v3/ticker/price?symbol=BTCUSDT HTTP/1.1" 200 45
21:19:03 [DEBUG] urllib3.connectionpool: https://api.binance.com:443 "GET /api/v3/ticker/price?symbol=BTCUSDT HTTP/1.1" 200 45
21:19:04 [DEBUG] urllib3.connectionpool: https://api.binance.com:443 "GET /api/v3/ticker/price?symbol=BTCUSDT HTTP/1.1" 200 45
21:19:04 [DEBUG] urllib3.connectionpool: https://api.binance.com:443 "GET /api/v3/ticker/price?symbol=BTCUSDT HTTP/1.1" 200 45
21:19:05 [DEBUG] urllib3.connectionpool: https://api.binance.com:443 "GET /api/v3/ticker/price?symbol=BTCUSDT HTTP/1.1" 200 45
21:19:05 [DEBUG] urllib3.connectionpool: https://api.binance.com:443 "GET /api/v3/ticker/price?symbol=BTCUSDT HTTP/1.1" 200 45
21:19:06 [DEBUG] urllib3.connectionpool: https://api.binance.com:443 "GET /api/v3/ticker/price?symbol=BTCUSDT HTTP/1.1" 200 45
21:19:07 [DEBUG] urllib3.connectionpool: https://api.binance.com:443 "GET /api/v3/ticker/price?symbol=BTCUSDT HTTP/1.1" 200 45
21:19:07 [DEBUG] urllib3.connectionpool: https://api.binance.com:443 "GET /api/v3/ticker/price?symbol=BTCUSDT HTTP/1.1" 200 45
21:19:08 [DEBUG] urllib3.connectionpool: https://api.binance.com:443 "GET /api/v3/ticker/price?symbol=BTCUSDT HTTP/1.1" 200 45
21:19:08 [DEBUG] urllib3.connectionpool: https://api.binance.com:443 "GET /api/v3/ticker/price?symbol=BTCUSDT HTTP/1.1" 200 45
21:19:09 [DEBUG] urllib3.connectionpool: https://api.binance.com:443 "GET /api/v3/ticker/price?symbol=BTCUSDT HTTP/1.1" 200 45
21:19:10 [DEBUG] urllib3.connectionpool: https://api.binance.com:443 "GET /api/v3/ticker/price?symbol=BTCUSDT HTTP/1.1" 200 45
21:19:10 [DEBUG] urllib3.connectionpool: https://api.binance.com:443 "GET /api/v3/ticker/price?symbol=BTCUSDT HTTP/1.1" 200 45
21:19:11 [DEBUG] urllib3.connectionpool: https://api.binance.com:443 "GET /api/v3/ticker/price?symbol=BTCUSDT HTTP/1.1" 200 45
21:19:11 [DEBUG] urllib3.connectionpool: https://api.binance.com:443 "GET /api/v3/ticker/price?symbol=BTCUSDT HTTP/1.1" 200 45
21:19:12 [DEBUG] urllib3.connectionpool: https://api.binance.com:443 "GET /api/v3/ticker/price?symbol=BTCUSDT HTTP/1.1" 200 45
21:19:13 [DEBUG] urllib3.connectionpool: https://api.binance.com:443 "GET /api/v3/ticker/price?symbol=BTCUSDT HTTP/1.1" 200 45
21:19:13 [DEBUG] urllib3.connectionpool: https://api.binance.com:443 "GET /api/v3/ticker/price?symbol=BTCUSDT HTTP/1.1" 200 45
21:19:14 [DEBUG] urllib3.connectionpool: https://api.binance.com:443 "GET /api/v3/ticker/price?symbol=BTCUSDT HTTP/1.1" 200 45
21:19:14 [DEBUG] urllib3.connectionpool: https://api.binance.com:443 "GET /api/v3/ticker/price?symbol=BTCUSDT HTTP/1.1" 200 45
21:19:15 [DEBUG] urllib3.connectionpool: https://api.binance.com:443 "GET /api/v3/ticker/price?symbol=BTCUSDT HTTP/1.1" 200 45
21:19:16 [DEBUG] urllib3.connectionpool: https://api.binance.com:443 "GET /api/v3/ticker/price?symbol=BTCUSDT HTTP/1.1" 200 45
21:19:16 [DEBUG] urllib3.connectionpool: https://api.binance.com:443 "GET /api/v3/ticker/price?symbol=BTCUSDT HTTP/1.1" 200 45
21:19:17 [DEBUG] urllib3.connectionpool: https://api.binance.com:443 "GET /api/v3/ticker/price?symbol=BTCUSDT HTTP/1.1" 200 45
21:19:17 [DEBUG] urllib3.connectionpool: https://api.binance.com:443 "GET /api/v3/ticker/price?symbol=BTCUSDT HTTP/1.1" 200 45
21:19:18 [DEBUG] urllib3.connectionpool: https://api.binance.com:443 "GET /api/v3/ticker/price?symbol=BTCUSDT HTTP/1.1" 200 45
21:19:18 [DEBUG] urllib3.connectionpool: https://api.binance.com:443 "GET /api/v3/ticker/price?symbol=BTCUSDT HTTP/1.1" 200 45
21:19:19 [DEBUG] urllib3.connectionpool: https://api.binance.com:443 "GET /api/v3/ticker/price?symbol=BTCUSDT HTTP/1.1" 200 45
21:19:20 [DEBUG] urllib3.connectionpool: https://api.binance.com:443 "GET /api/v3/ticker/price?symbol=BTCUSDT HTTP/1.1" 200 45
21:19:20 [DEBUG] urllib3.connectionpool: https://api.binance.com:443 "GET /api/v3/ticker/price?symbol=BTCUSDT HTTP/1.1" 200 45
21:19:21 [DEBUG] urllib3.connectionpool: https://api.binance.com:443 "GET /api/v3/ticker/price?symbol=BTCUSDT HTTP/1.1" 200 45
21:19:21 [DEBUG] urllib3.connectionpool: https://api.binance.com:443 "GET /api/v3/ticker/price?symbol=BTCUSDT HTTP/1.1" 200 45
21:19:22 [DEBUG] urllib3.connectionpool: https://api.binance.com:443 "GET /api/v3/ticker/price?symbol=BTCUSDT HTTP/1.1" 200 45
21:19:23 [DEBUG] urllib3.connectionpool: https://api.binance.com:443 "GET /api/v3/ticker/price?symbol=BTCUSDT HTTP/1.1" 200 45
21:19:23 [DEBUG] urllib3.connectionpool: https://api.binance.com:443 "GET /api/v3/ticker/price?symbol=BTCUSDT HTTP/1.1" 200 45
21:19:24 [DEBUG] urllib3.connectionpool: https://api.binance.com:443 "GET /api/v3/ticker/price?symbol=BTCUSDT HTTP/1.1" 200 45
21:19:24 [DEBUG] urllib3.connectionpool: https://api.binance.com:443 "GET /api/v3/ticker/price?symbol=BTCUSDT HTTP/1.1" 200 45
21:19:25 [DEBUG] urllib3.connectionpool: https://api.binance.com:443 "GET /api/v3/ticker/price?symbol=BTCUSDT HTTP/1.1" 200 45
21:19:25 [DEBUG] urllib3.connectionpool: https://api.binance.com:443 "GET /api/v3/ticker/price?symbol=BTCUSDT HTTP/1.1" 200 45
21:19:26 [DEBUG] urllib3.connectionpool: https://api.binance.com:443 "GET /api/v3/ticker/price?symbol=BTCUSDT HTTP/1.1" 200 45
21:19:27 [DEBUG] urllib3.connectionpool: https://api.binance.com:443 "GET /api/v3/ticker/price?symbol=BTCUSDT HTTP/1.1" 200 45
21:19:27 [DEBUG] urllib3.connectionpool: https://api.binance.com:443 "GET /api/v3/ticker/price?symbol=BTCUSDT HTTP/1.1" 200 45
21:19:28 [DEBUG] urllib3.connectionpool: https://api.binance.com:443 "GET /api/v3/ticker/price?symbol=BTCUSDT HTTP/1.1" 200 45
21:19:28 [DEBUG] urllib3.connectionpool: https://api.binance.com:443 "GET /api/v3/ticker/price?symbol=BTCUSDT HTTP/1.1" 200 45
21:19:29 [DEBUG] urllib3.connectionpool: https://api.binance.com:443 "GET /api/v3/ticker/price?symbol=BTCUSDT HTTP/1.1" 200 45
21:19:29 [INFO] __main__: BTC5M HOLDING DOWN | btc=$82080.01 remaining=31s
21:19:30 [DEBUG] urllib3.connectionpool: https://api.binance.com:443 "GET /api/v3/ticker/price?symbol=BTCUSDT HTTP/1.1" 200 45
21:19:30 [DEBUG] urllib3.connectionpool: https://api.binance.com:443 "GET /api/v3/ticker/price?symbol=BTCUSDT HTTP/1.1" 200 45
21:19:31 [DEBUG] urllib3.connectionpool: https://api.binance.com:443 "GET /api/v3/ticker/price?symbol=BTCUSDT HTTP/1.1" 200 45
21:19:31 [DEBUG] urllib3.connectionpool: https://api.binance.com:443 "GET /api/v3/ticker/price?symbol=BTCUSDT HTTP/1.1" 200 45
21:19:32 [DEBUG] urllib3.connectionpool: https://api.binance.com:443 "GET /api/v3/ticker/price?symbol=BTCUSDT HTTP/1.1" 200 45
21:19:32 [DEBUG] urllib3.connectionpool: https://api.binance.com:443 "GET /api/v3/ticker/price?symbol=BTCUSDT HTTP/1.1" 200 45
21:19:33 [DEBUG] urllib3.connectionpool: https://api.binance.com:443 "GET /api/v3/ticker/price?symbol=BTCUSDT HTTP/1.1" 200 45
21:19:34 [DEBUG] urllib3.connectionpool: https://api.binance.com:443 "GET /api/v3/ticker/price?symbol=BTCUSDT HTTP/1.1" 200 45
21:19:34 [DEBUG] urllib3.connectionpool: https://api.binance.com:443 "GET /api/v3/ticker/price?symbol=BTCUSDT HTTP/1.1" 200 45
21:19:35 [DEBUG] urllib3.connectionpool: https://api.binance.com:443 "GET /api/v3/ticker/price?symbol=BTCUSDT HTTP/1.1" 200 45
21:19:35 [DEBUG] urllib3.connectionpool: https://api.binance.com:443 "GET /api/v3/ticker/price?symbol=BTCUSDT HTTP/1.1" 200 45
21:19:36 [DEBUG] urllib3.connectionpool: https://api.binance.com:443 "GET /api/v3/ticker/price?symbol=BTCUSDT HTTP/1.1" 200 45
21:19:37 [DEBUG] urllib3.connectionpool: https://api.binance.com:443 "GET /api/v3/ticker/price?symbol=BTCUSDT HTTP/1.1" 200 45
21:19:37 [DEBUG] urllib3.connectionpool: https://api.binance.com:443 "GET /api/v3/ticker/price?symbol=BTCUSDT HTTP/1.1" 200 45
21:19:38 [DEBUG] urllib3.connectionpool: https://api.binance.com:443 "GET /api/v3/ticker/price?symbol=BTCUSDT HTTP/1.1" 200 45
21:19:38 [DEBUG] urllib3.connectionpool: https://api.binance.com:443 "GET /api/v3/ticker/price?symbol=BTCUSDT HTTP/1.1" 200 45
21:19:39 [DEBUG] urllib3.connectionpool: https://api.binance.com:443 "GET /api/v3/ticker/price?symbol=BTCUSDT HTTP/1.1" 200 45
21:19:40 [DEBUG] urllib3.connectionpool: https://api.binance.com:443 "GET /api/v3/ticker/price?symbol=BTCUSDT HTTP/1.1" 200 45
21:19:40 [DEBUG] urllib3.connectionpool: https://api.binance.com:443 "GET /api/v3/ticker/price?symbol=BTCUSDT HTTP/1.1" 200 45
21:19:41 [DEBUG] urllib3.connectionpool: https://api.binance.com:443 "GET /api/v3/ticker/price?symbol=BTCUSDT HTTP/1.1" 200 45
21:19:41 [DEBUG] urllib3.connectionpool: https://api.binance.com:443 "GET /api/v3/ticker/price?symbol=BTCUSDT HTTP/1.1" 200 45
21:19:42 [DEBUG] urllib3.connectionpool: https://api.binance.com:443 "GET /api/v3/ticker/price?symbol=BTCUSDT HTTP/1.1" 200 45
21:19:42 [DEBUG] urllib3.connectionpool: https://api.binance.com:443 "GET /api/v3/ticker/price?symbol=BTCUSDT HTTP/1.1" 200 45
21:19:43 [DEBUG] urllib3.connectionpool: https://api.binance.com:443 "GET /api/v3/ticker/price?symbol=BTCUSDT HTTP/1.1" 200 45
21:19:44 [DEBUG] urllib3.connectionpool: https://api.binance.com:443 "GET /api/v3/ticker/price?symbol=BTCUSDT HTTP/1.1" 200 45
21:19:44 [DEBUG] urllib3.connectionpool: https://api.binance.com:443 "GET /api/v3/ticker/price?symbol=BTCUSDT HTTP/1.1" 200 45
21:19:45 [DEBUG] urllib3.connectionpool: https://api.binance.com:443 "GET /api/v3/ticker/price?symbol=BTCUSDT HTTP/1.1" 200 45
21:19:46 [DEBUG] urllib3.connectionpool: https://api.binance.com:443 "GET /api/v3/ticker/price?symbol=BTCUSDT HTTP/1.1" 200 45
21:19:46 [DEBUG] urllib3.connectionpool: https://api.binance.com:443 "GET /api/v3/ticker/price?symbol=BTCUSDT HTTP/1.1" 200 45
21:19:47 [DEBUG] urllib3.connectionpool: https://api.binance.com:443 "GET /api/v3/ticker/price?symbol=BTCUSDT HTTP/1.1" 200 45
21:19:47 [DEBUG] urllib3.connectionpool: https://api.binance.com:443 "GET /api/v3/ticker/price?symbol=BTCUSDT HTTP/1.1" 200 45
21:19:48 [DEBUG] urllib3.connectionpool: https://api.binance.com:443 "GET /api/v3/ticker/price?symbol=BTCUSDT HTTP/1.1" 200 45
21:19:49 [DEBUG] urllib3.connectionpool: https://api.binance.com:443 "GET /api/v3/ticker/price?symbol=BTCUSDT HTTP/1.1" 200 45
21:19:49 [DEBUG] urllib3.connectionpool: https://api.binance.com:443 "GET /api/v3/ticker/price?symbol=BTCUSDT HTTP/1.1" 200 45
21:19:50 [DEBUG] urllib3.connectionpool: https://api.binance.com:443 "GET /api/v3/ticker/price?symbol=BTCUSDT HTTP/1.1" 200 45
21:19:51 [DEBUG] urllib3.connectionpool: https://api.binance.com:443 "GET /api/v3/ticker/price?symbol=BTCUSDT HTTP/1.1" 200 45
21:19:51 [DEBUG] urllib3.connectionpool: https://api.binance.com:443 "GET /api/v3/ticker/price?symbol=BTCUSDT HTTP/1.1" 200 45
21:19:52 [DEBUG] urllib3.connectionpool: https://api.binance.com:443 "GET /api/v3/ticker/price?symbol=BTCUSDT HTTP/1.1" 200 45
21:19:52 [DEBUG] urllib3.connectionpool: https://api.binance.com:443 "GET /api/v3/ticker/price?symbol=BTCUSDT HTTP/1.1" 200 45
21:19:53 [DEBUG] urllib3.connectionpool: https://api.binance.com:443 "GET /api/v3/ticker/price?symbol=BTCUSDT HTTP/1.1" 200 45
21:19:54 [DEBUG] urllib3.connectionpool: https://api.binance.com:443 "GET /api/v3/ticker/price?symbol=BTCUSDT HTTP/1.1" 200 45
21:19:54 [DEBUG] urllib3.connectionpool: https://api.binance.com:443 "GET /api/v3/ticker/price?symbol=BTCUSDT HTTP/1.1" 200 45
21:19:55 [DEBUG] urllib3.connectionpool: https://api.binance.com:443 "GET /api/v3/ticker/price?symbol=BTCUSDT HTTP/1.1" 200 45
21:19:56 [DEBUG] urllib3.connectionpool: https://api.binance.com:443 "GET /api/v3/ticker/price?symbol=BTCUSDT HTTP/1.1" 200 45
21:19:56 [DEBUG] urllib3.connectionpool: https://api.binance.com:443 "GET /api/v3/ticker/price?symbol=BTCUSDT HTTP/1.1" 200 45
21:19:57 [DEBUG] urllib3.connectionpool: https://api.binance.com:443 "GET /api/v3/ticker/price?symbol=BTCUSDT HTTP/1.1" 200 45
21:19:57 [DEBUG] urllib3.connectionpool: https://api.binance.com:443 "GET /api/v3/ticker/price?symbol=BTCUSDT HTTP/1.1" 200 45
21:19:58 [DEBUG] urllib3.connectionpool: https://api.binance.com:443 "GET /api/v3/ticker/price?symbol=BTCUSDT HTTP/1.1" 200 45
21:19:58 [DEBUG] urllib3.connectionpool: https://api.binance.com:443 "GET /api/v3/ticker/price?symbol=BTCUSDT HTTP/1.1" 200 45
21:19:59 [DEBUG] urllib3.connectionpool: https://api.binance.com:443 "GET /api/v3/ticker/price?symbol=BTCUSDT HTTP/1.1" 200 45
21:19:59 [INFO] __main__: BTC5M HOLDING DOWN | btc=$82023.21 remaining=0s
21:20:00 [DEBUG] urllib3.connectionpool: https://api.binance.com:443 "GET /api/v3/ticker/price?symbol=BTCUSDT HTTP/1.1" 200 45
21:20:00 [INFO] __main__: BTC5M RESULT: WIN | predicted=DOWN actual=DOWN | btc_start=$82109.73 btc_end=$82023.21 delta=$-86.52 | record=1-0 (100%)
21:20:00 [DEBUG] urllib3.connectionpool: https://gamma-api.polymarket.com:443 "GET /events/slug/btc-updown-5m-1778073600 HTTP/1.1" 200 None
21:20:00 [INFO] __main__: NEW WINDOW: btc-updown-5m-1778073600 | btc=$82023.21 | ends=13:25:00
21:20:00 [DEBUG] urllib3.connectionpool: Resetting dropped connection: clob.polymarket.com
21:20:01 [DEBUG] urllib3.connectionpool: https://clob.polymarket.com:443 "GET /midpoint?token_id=112628031767894606635180910282729950289830151180686355771194072443575253975255 HTTP/1.1" 200 14
21:20:01 [DEBUG] urllib3.connectionpool: https://clob.polymarket.com:443 "GET /midpoint?token_id=91581880063438765840752391186922218040755746434104930438098110957682802393015 HTTP/1.1" 200 16
21:20:01 [DEBUG] strategies.kelly: Kelly: fair=0.5623 mkt=0.5050 edge=0.0573 dir=BUY full_k=0.1157 frac_k=0.0231 size=$116
21:20:01 [INFO] ems.execution: [DRY] btc5m_down BUY 229.1 @ 0.5000 [GTC]
21:20:01 [INFO] oms.position_manager: FILL BUY 915818800634... 229.1 @ 0.5000 | pos=229.1 avg=0.5000 pnl=-114.55
21:20:01 [INFO] __main__: BTC5M TRADE: DOWN 229.1 shares @ 0.5050 | kelly=$116 edge=0.0573 btc=$82023 momentum=-0.0302%
21:20:02 [DEBUG] urllib3.connectionpool: https://api.binance.com:443 "GET /api/v3/ticker/price?symbol=BTCUSDT HTTP/1.1" 200 45
21:20:03 [DEBUG] urllib3.connectionpool: https://api.binance.com:443 "GET /api/v3/ticker/price?symbol=BTCUSDT HTTP/1.1" 200 45
21:20:03 [DEBUG] urllib3.connectionpool: https://api.binance.com:443 "GET /api/v3/ticker/price?symbol=BTCUSDT HTTP/1.1" 200 45
21:20:04 [DEBUG] urllib3.connectionpool: https://api.binance.com:443 "GET /api/v3/ticker/price?symbol=BTCUSDT HTTP/1.1" 200 45
21:20:05 [DEBUG] urllib3.connectionpool: https://api.binance.com:443 "GET /api/v3/ticker/price?symbol=BTCUSDT HTTP/1.1" 200 45
21:20:05 [DEBUG] urllib3.connectionpool: https://api.binance.com:443 "GET /api/v3/ticker/price?symbol=BTCUSDT HTTP/1.1" 200 45
21:20:06 [DEBUG] urllib3.connectionpool: https://api.binance.com:443 "GET /api/v3/ticker/price?symbol=BTCUSDT HTTP/1.1" 200 45
21:20:07 [DEBUG] urllib3.connectionpool: https://api.binance.com:443 "GET /api/v3/ticker/price?symbol=BTCUSDT HTTP/1.1" 200 45
21:20:07 [DEBUG] urllib3.connectionpool: https://api.binance.com:443 "GET /api/v3/ticker/price?symbol=BTCUSDT HTTP/1.1" 200 45
21:20:08 [DEBUG] urllib3.connectionpool: https://api.binance.com:443 "GET /api/v3/ticker/price?symbol=BTCUSDT HTTP/1.1" 200 45
21:20:08 [DEBUG] urllib3.connectionpool: https://api.binance.com:443 "GET /api/v3/ticker/price?symbol=BTCUSDT HTTP/1.1" 200 45
21:20:09 [DEBUG] urllib3.connectionpool: https://api.binance.com:443 "GET /api/v3/ticker/price?symbol=BTCUSDT HTTP/1.1" 200 45
21:20:09 [DEBUG] urllib3.connectionpool: https://api.binance.com:443 "GET /api/v3/ticker/price?symbol=BTCUSDT HTTP/1.1" 200 45
21:20:10 [DEBUG] urllib3.connectionpool: https://api.binance.com:443 "GET /api/v3/ticker/price?symbol=BTCUSDT HTTP/1.1" 200 45
21:20:11 [DEBUG] urllib3.connectionpool: https://api.binance.com:443 "GET /api/v3/ticker/price?symbol=BTCUSDT HTTP/1.1" 200 45
21:20:11 [DEBUG] urllib3.connectionpool: https://api.binance.com:443 "GET /api/v3/ticker/price?symbol=BTCUSDT HTTP/1.1" 200 45
21:20:12 [DEBUG] urllib3.connectionpool: https://api.binance.com:443 "GET /api/v3/ticker/price?symbol=BTCUSDT HTTP/1.1" 200 45
21:20:13 [DEBUG] urllib3.connectionpool: https://api.binance.com:443 "GET /api/v3/ticker/price?symbol=BTCUSDT HTTP/1.1" 200 45
21:20:13 [DEBUG] urllib3.connectionpool: https://api.binance.com:443 "GET /api/v3/ticker/price?symbol=BTCUSDT HTTP/1.1" 200 45
21:20:14 [DEBUG] urllib3.connectionpool: https://api.binance.com:443 "GET /api/v3/ticker/price?symbol=BTCUSDT HTTP/1.1" 200 45
21:20:14 [DEBUG] urllib3.connectionpool: https://api.binance.com:443 "GET /api/v3/ticker/price?symbol=BTCUSDT HTTP/1.1" 200 45
21:20:15 [DEBUG] urllib3.connectionpool: https://api.binance.com:443 "GET /api/v3/ticker/price?symbol=BTCUSDT HTTP/1.1" 200 45
21:20:16 [DEBUG] urllib3.connectionpool: https://api.binance.com:443 "GET /api/v3/ticker/price?symbol=BTCUSDT HTTP/1.1" 200 45
21:20:16 [DEBUG] urllib3.connectionpool: https://api.binance.com:443 "GET /api/v3/ticker/price?symbol=BTCUSDT HTTP/1.1" 200 45
21:20:17 [DEBUG] urllib3.connectionpool: https://api.binance.com:443 "GET /api/v3/ticker/price?symbol=BTCUSDT HTTP/1.1" 200 45
21:20:17 [DEBUG] urllib3.connectionpool: https://api.binance.com:443 "GET /api/v3/ticker/price?symbol=BTCUSDT HTTP/1.1" 200 45
21:20:18 [DEBUG] urllib3.connectionpool: https://api.binance.com:443 "GET /api/v3/ticker/price?symbol=BTCUSDT HTTP/1.1" 200 45
21:20:18 [DEBUG] urllib3.connectionpool: https://api.binance.com:443 "GET /api/v3/ticker/price?symbol=BTCUSDT HTTP/1.1" 200 45
21:20:19 [DEBUG] urllib3.connectionpool: https://api.binance.com:443 "GET /api/v3/ticker/price?symbol=BTCUSDT HTTP/1.1" 200 45
21:20:20 [DEBUG] urllib3.connectionpool: https://api.binance.com:443 "GET /api/v3/ticker/price?symbol=BTCUSDT HTTP/1.1" 200 45
21:20:20 [DEBUG] urllib3.connectionpool: https://api.binance.com:443 "GET /api/v3/ticker/price?symbol=BTCUSDT HTTP/1.1" 200 45
21:20:21 [DEBUG] urllib3.connectionpool: https://api.binance.com:443 "GET /api/v3/ticker/price?symbol=BTCUSDT HTTP/1.1" 200 45
21:20:21 [DEBUG] urllib3.connectionpool: https://api.binance.com:443 "GET /api/v3/ticker/price?symbol=BTCUSDT HTTP/1.1" 200 45
21:20:22 [DEBUG] urllib3.connectionpool: https://api.binance.com:443 "GET /api/v3/ticker/price?symbol=BTCUSDT HTTP/1.1" 200 45
21:20:23 [DEBUG] urllib3.connectionpool: https://api.binance.com:443 "GET /api/v3/ticker/price?symbol=BTCUSDT HTTP/1.1" 200 45
21:20:23 [DEBUG] urllib3.connectionpool: https://api.binance.com:443 "GET /api/v3/ticker/price?symbol=BTCUSDT HTTP/1.1" 200 45
21:20:24 [DEBUG] urllib3.connectionpool: https://api.binance.com:443 "GET /api/v3/ticker/price?symbol=BTCUSDT HTTP/1.1" 200 45
21:20:24 [DEBUG] urllib3.connectionpool: https://api.binance.com:443 "GET /api/v3/ticker/price?symbol=BTCUSDT HTTP/1.1" 200 45
21:20:25 [DEBUG] urllib3.connectionpool: https://api.binance.com:443 "GET /api/v3/ticker/price?symbol=BTCUSDT HTTP/1.1" 200 45
21:20:26 [DEBUG] urllib3.connectionpool: https://api.binance.com:443 "GET /api/v3/ticker/price?symbol=BTCUSDT HTTP/1.1" 200 45
21:20:26 [DEBUG] urllib3.connectionpool: https://api.binance.com:443 "GET /api/v3/ticker/price?symbol=BTCUSDT HTTP/1.1" 200 45
21:20:27 [DEBUG] urllib3.connectionpool: https://api.binance.com:443 "GET /api/v3/ticker/price?symbol=BTCUSDT HTTP/1.1" 200 45
21:20:27 [DEBUG] urllib3.connectionpool: https://api.binance.com:443 "GET /api/v3/ticker/price?symbol=BTCUSDT HTTP/1.1" 200 45
21:20:28 [DEBUG] urllib3.connectionpool: https://api.binance.com:443 "GET /api/v3/ticker/price?symbol=BTCUSDT HTTP/1.1" 200 45
21:20:29 [DEBUG] urllib3.connectionpool: https://api.binance.com:443 "GET /api/v3/ticker/price?symbol=BTCUSDT HTTP/1.1" 200 45
21:20:29 [INFO] __main__: BTC5M HOLDING DOWN | btc=$81965.39 remaining=271s
21:20:29 [DEBUG] urllib3.connectionpool: https://api.binance.com:443 "GET /api/v3/ticker/price?symbol=BTCUSDT HTTP/1.1" 200 45
21:20:29 [INFO] __main__: BTC5M HOLDING DOWN | btc=$81965.38 remaining=270s
21:20:30 [DEBUG] urllib3.connectionpool: https://api.binance.com:443 "GET /api/v3/ticker/price?symbol=BTCUSDT HTTP/1.1" 200 45
21:20:30 [DEBUG] urllib3.connectionpool: https://api.binance.com:443 "GET /api/v3/ticker/price?symbol=BTCUSDT HTTP/1.1" 200 45
21:20:31 [DEBUG] urllib3.connectionpool: https://api.binance.com:443 "GET /api/v3/ticker/price?symbol=BTCUSDT HTTP/1.1" 200 45
21:20:32 [DEBUG] urllib3.connectionpool: https://api.binance.com:443 "GET /api/v3/ticker/price?symbol=BTCUSDT HTTP/1.1" 200 45
21:20:32 [DEBUG] urllib3.connectionpool: https://api.binance.com:443 "GET /api/v3/ticker/price?symbol=BTCUSDT HTTP/1.1" 200 45
21:20:33 [DEBUG] urllib3.connectionpool: https://api.binance.com:443 "GET /api/v3/ticker/price?symbol=BTCUSDT HTTP/1.1" 200 45
21:20:33 [DEBUG] urllib3.connectionpool: https://api.binance.com:443 "GET /api/v3/ticker/price?symbol=BTCUSDT HTTP/1.1" 200 45
21:20:34 [DEBUG] urllib3.connectionpool: https://api.binance.com:443 "GET /api/v3/ticker/price?symbol=BTCUSDT HTTP/1.1" 200 45
21:20:34 [DEBUG] urllib3.connectionpool: https://api.binance.com:443 "GET /api/v3/ticker/price?symbol=BTCUSDT HTTP/1.1" 200 45
21:20:35 [DEBUG] urllib3.connectionpool: https://api.binance.com:443 "GET /api/v3/ticker/price?symbol=BTCUSDT HTTP/1.1" 200 45
21:20:36 [DEBUG] urllib3.connectionpool: https://api.binance.com:443 "GET /api/v3/ticker/price?symbol=BTCUSDT HTTP/1.1" 200 45
21:20:36 [DEBUG] urllib3.connectionpool: https://api.binance.com:443 "GET /api/v3/ticker/price?symbol=BTCUSDT HTTP/1.1" 200 45
21:20:37 [DEBUG] urllib3.connectionpool: https://api.binance.com:443 "GET /api/v3/ticker/price?symbol=BTCUSDT HTTP/1.1" 200 45
21:20:37 [DEBUG] urllib3.connectionpool: https://api.binance.com:443 "GET /api/v3/ticker/price?symbol=BTCUSDT HTTP/1.1" 200 45
21:20:38 [DEBUG] urllib3.connectionpool: https://api.binance.com:443 "GET /api/v3/ticker/price?symbol=BTCUSDT HTTP/1.1" 200 45
21:20:39 [DEBUG] urllib3.connectionpool: https://api.binance.com:443 "GET /api/v3/ticker/price?symbol=BTCUSDT HTTP/1.1" 200 45
21:20:39 [DEBUG] urllib3.connectionpool: https://api.binance.com:443 "GET /api/v3/ticker/price?symbol=BTCUSDT HTTP/1.1" 200 45
21:20:40 [DEBUG] urllib3.connectionpool: https://api.binance.com:443 "GET /api/v3/ticker/price?symbol=BTCUSDT HTTP/1.1" 200 45
21:20:40 [DEBUG] urllib3.connectionpool: https://api.binance.com:443 "GET /api/v3/ticker/price?symbol=BTCUSDT HTTP/1.1" 200 45
21:20:41 [DEBUG] urllib3.connectionpool: https://api.binance.com:443 "GET /api/v3/ticker/price?symbol=BTCUSDT HTTP/1.1" 200 45
21:20:41 [DEBUG] urllib3.connectionpool: https://api.binance.com:443 "GET /api/v3/ticker/price?symbol=BTCUSDT HTTP/1.1" 200 45
21:20:42 [DEBUG] urllib3.connectionpool: https://api.binance.com:443 "GET /api/v3/ticker/price?symbol=BTCUSDT HTTP/1.1" 200 45
21:20:43 [DEBUG] urllib3.connectionpool: https://api.binance.com:443 "GET /api/v3/ticker/price?symbol=BTCUSDT HTTP/1.1" 200 45
21:20:43 [DEBUG] urllib3.connectionpool: https://api.binance.com:443 "GET /api/v3/ticker/price?symbol=BTCUSDT HTTP/1.1" 200 45
21:20:44 [DEBUG] urllib3.connectionpool: https://api.binance.com:443 "GET /api/v3/ticker/price?symbol=BTCUSDT HTTP/1.1" 200 45
21:20:44 [DEBUG] urllib3.connectionpool: https://api.binance.com:443 "GET /api/v3/ticker/price?symbol=BTCUSDT HTTP/1.1" 200 45
21:20:45 [DEBUG] urllib3.connectionpool: https://api.binance.com:443 "GET /api/v3/ticker/price?symbol=BTCUSDT HTTP/1.1" 200 45
21:20:46 [DEBUG] urllib3.connectionpool: https://api.binance.com:443 "GET /api/v3/ticker/price?symbol=BTCUSDT HTTP/1.1" 200 45
21:20:46 [DEBUG] urllib3.connectionpool: https://api.binance.com:443 "GET /api/v3/ticker/price?symbol=BTCUSDT HTTP/1.1" 200 45
21:20:47 [DEBUG] urllib3.connectionpool: https://api.binance.com:443 "GET /api/v3/ticker/price?symbol=BTCUSDT HTTP/1.1" 200 45
21:20:47 [DEBUG] urllib3.connectionpool: https://api.binance.com:443 "GET /api/v3/ticker/price?symbol=BTCUSDT HTTP/1.1" 200 45
21:20:48 [DEBUG] urllib3.connectionpool: https://api.binance.com:443 "GET /api/v3/ticker/price?symbol=BTCUSDT HTTP/1.1" 200 45
21:20:49 [DEBUG] urllib3.connectionpool: https://api.binance.com:443 "GET /api/v3/ticker/price?symbol=BTCUSDT HTTP/1.1" 200 45
21:20:49 [DEBUG] urllib3.connectionpool: https://api.binance.com:443 "GET /api/v3/ticker/price?symbol=BTCUSDT HTTP/1.1" 200 45
21:20:50 [DEBUG] urllib3.connectionpool: https://api.binance.com:443 "GET /api/v3/ticker/price?symbol=BTCUSDT HTTP/1.1" 200 45
21:20:50 [DEBUG] urllib3.connectionpool: https://api.binance.com:443 "GET /api/v3/ticker/price?symbol=BTCUSDT HTTP/1.1" 200 45
21:20:51 [DEBUG] urllib3.connectionpool: https://api.binance.com:443 "GET /api/v3/ticker/price?symbol=BTCUSDT HTTP/1.1" 200 45
21:20:51 [DEBUG] urllib3.connectionpool: https://api.binance.com:443 "GET /api/v3/ticker/price?symbol=BTCUSDT HTTP/1.1" 200 45
21:20:52 [DEBUG] urllib3.connectionpool: https://api.binance.com:443 "GET /api/v3/ticker/price?symbol=BTCUSDT HTTP/1.1" 200 45
21:20:53 [DEBUG] urllib3.connectionpool: https://api.binance.com:443 "GET /api/v3/ticker/price?symbol=BTCUSDT HTTP/1.1" 200 45
21:20:53 [DEBUG] urllib3.connectionpool: https://api.binance.com:443 "GET /api/v3/ticker/price?symbol=BTCUSDT HTTP/1.1" 200 45
21:20:54 [DEBUG] urllib3.connectionpool: https://api.binance.com:443 "GET /api/v3/ticker/price?symbol=BTCUSDT HTTP/1.1" 200 45
21:20:54 [DEBUG] urllib3.connectionpool: https://api.binance.com:443 "GET /api/v3/ticker/price?symbol=BTCUSDT HTTP/1.1" 200 45
21:20:55 [DEBUG] urllib3.connectionpool: https://api.binance.com:443 "GET /api/v3/ticker/price?symbol=BTCUSDT HTTP/1.1" 200 45
21:20:56 [DEBUG] urllib3.connectionpool: https://api.binance.com:443 "GET /api/v3/ticker/price?symbol=BTCUSDT HTTP/1.1" 200 45
21:20:56 [DEBUG] urllib3.connectionpool: https://api.binance.com:443 "GET /api/v3/ticker/price?symbol=BTCUSDT HTTP/1.1" 200 45
21:20:57 [DEBUG] urllib3.connectionpool: https://api.binance.com:443 "GET /api/v3/ticker/price?symbol=BTCUSDT HTTP/1.1" 200 45
21:20:57 [DEBUG] urllib3.connectionpool: https://api.binance.com:443 "GET /api/v3/ticker/price?symbol=BTCUSDT HTTP/1.1" 200 45
21:20:58 [DEBUG] urllib3.connectionpool: https://api.binance.com:443 "GET /api/v3/ticker/price?symbol=BTCUSDT HTTP/1.1" 200 45
21:20:58 [DEBUG] urllib3.connectionpool: https://api.binance.com:443 "GET /api/v3/ticker/price?symbol=BTCUSDT HTTP/1.1" 200 45
21:20:59 [DEBUG] urllib3.connectionpool: https://api.binance.com:443 "GET /api/v3/ticker/price?symbol=BTCUSDT HTTP/1.1" 200 45
21:20:59 [INFO] __main__: BTC5M HOLDING DOWN | btc=$82047.64 remaining=240s
21:21:00 [DEBUG] urllib3.connectionpool: https://api.binance.com:443 "GET /api/v3/ticker/price?symbol=BTCUSDT HTTP/1.1" 200 45
21:21:00 [DEBUG] urllib3.connectionpool: https://api.binance.com:443 "GET /api/v3/ticker/price?symbol=BTCUSDT HTTP/1.1" 200 45
21:21:01 [DEBUG] urllib3.connectionpool: https://api.binance.com:443 "GET /api/v3/ticker/price?symbol=BTCUSDT HTTP/1.1" 200 45
21:21:01 [DEBUG] urllib3.connectionpool: https://api.binance.com:443 "GET /api/v3/ticker/price?symbol=BTCUSDT HTTP/1.1" 200 45
21:21:02 [DEBUG] urllib3.connectionpool: https://api.binance.com:443 "GET /api/v3/ticker/price?symbol=BTCUSDT HTTP/1.1" 200 45
21:21:03 [DEBUG] urllib3.connectionpool: https://api.binance.com:443 "GET /api/v3/ticker/price?symbol=BTCUSDT HTTP/1.1" 200 45
21:21:03 [DEBUG] urllib3.connectionpool: https://api.binance.com:443 "GET /api/v3/ticker/price?symbol=BTCUSDT HTTP/1.1" 200 45
21:21:04 [DEBUG] urllib3.connectionpool: https://api.binance.com:443 "GET /api/v3/ticker/price?symbol=BTCUSDT HTTP/1.1" 200 45
21:21:04 [DEBUG] urllib3.connectionpool: https://api.binance.com:443 "GET /api/v3/ticker/price?symbol=BTCUSDT HTTP/1.1" 200 45
21:21:05 [DEBUG] urllib3.connectionpool: https://api.binance.com:443 "GET /api/v3/ticker/price?symbol=BTCUSDT HTTP/1.1" 200 45
21:21:05 [DEBUG] urllib3.connectionpool: https://api.binance.com:443 "GET /api/v3/ticker/price?symbol=BTCUSDT HTTP/1.1" 200 45
21:21:06 [DEBUG] urllib3.connectionpool: https://api.binance.com:443 "GET /api/v3/ticker/price?symbol=BTCUSDT HTTP/1.1" 200 45
21:21:07 [DEBUG] urllib3.connectionpool: https://api.binance.com:443 "GET /api/v3/ticker/price?symbol=BTCUSDT HTTP/1.1" 200 45
21:21:07 [DEBUG] urllib3.connectionpool: https://api.binance.com:443 "GET /api/v3/ticker/price?symbol=BTCUSDT HTTP/1.1" 200 45
21:21:08 [DEBUG] urllib3.connectionpool: https://api.binance.com:443 "GET /api/v3/ticker/price?symbol=BTCUSDT HTTP/1.1" 200 45
21:21:08 [DEBUG] urllib3.connectionpool: https://api.binance.com:443 "GET /api/v3/ticker/price?symbol=BTCUSDT HTTP/1.1" 200 45
21:21:09 [DEBUG] urllib3.connectionpool: https://api.binance.com:443 "GET /api/v3/ticker/price?symbol=BTCUSDT HTTP/1.1" 200 45
21:21:10 [DEBUG] urllib3.connectionpool: https://api.binance.com:443 "GET /api/v3/ticker/price?symbol=BTCUSDT HTTP/1.1" 200 45
21:21:10 [DEBUG] urllib3.connectionpool: https://api.binance.com:443 "GET /api/v3/ticker/price?symbol=BTCUSDT HTTP/1.1" 200 45
21:21:11 [DEBUG] urllib3.connectionpool: https://api.binance.com:443 "GET /api/v3/ticker/price?symbol=BTCUSDT HTTP/1.1" 200 45
21:21:11 [DEBUG] urllib3.connectionpool: https://api.binance.com:443 "GET /api/v3/ticker/price?symbol=BTCUSDT HTTP/1.1" 200 45
21:21:12 [DEBUG] urllib3.connectionpool: https://api.binance.com:443 "GET /api/v3/ticker/price?symbol=BTCUSDT HTTP/1.1" 200 45
21:21:12 [DEBUG] urllib3.connectionpool: https://api.binance.com:443 "GET /api/v3/ticker/price?symbol=BTCUSDT HTTP/1.1" 200 45
21:21:13 [DEBUG] urllib3.connectionpool: https://api.binance.com:443 "GET /api/v3/ticker/price?symbol=BTCUSDT HTTP/1.1" 200 45
21:21:14 [DEBUG] urllib3.connectionpool: https://api.binance.com:443 "GET /api/v3/ticker/price?symbol=BTCUSDT HTTP/1.1" 200 45
21:21:14 [DEBUG] urllib3.connectionpool: https://api.binance.com:443 "GET /api/v3/ticker/price?symbol=BTCUSDT HTTP/1.1" 200 45
21:21:15 [DEBUG] urllib3.connectionpool: https://api.binance.com:443 "GET /api/v3/ticker/price?symbol=BTCUSDT HTTP/1.1" 200 45
21:21:15 [DEBUG] urllib3.connectionpool: https://api.binance.com:443 "GET /api/v3/ticker/price?symbol=BTCUSDT HTTP/1.1" 200 45
21:21:16 [DEBUG] urllib3.connectionpool: https://api.binance.com:443 "GET /api/v3/ticker/price?symbol=BTCUSDT HTTP/1.1" 200 45
21:21:17 [DEBUG] urllib3.connectionpool: https://api.binance.com:443 "GET /api/v3/ticker/price?symbol=BTCUSDT HTTP/1.1" 200 45
21:21:17 [DEBUG] urllib3.connectionpool: https://api.binance.com:443 "GET /api/v3/ticker/price?symbol=BTCUSDT HTTP/1.1" 200 45
21:21:18 [DEBUG] urllib3.connectionpool: https://api.binance.com:443 "GET /api/v3/ticker/price?symbol=BTCUSDT HTTP/1.1" 200 45
21:21:18 [DEBUG] urllib3.connectionpool: https://api.binance.com:443 "GET /api/v3/ticker/price?symbol=BTCUSDT HTTP/1.1" 200 45
21:21:19 [DEBUG] urllib3.connectionpool: https://api.binance.com:443 "GET /api/v3/ticker/price?symbol=BTCUSDT HTTP/1.1" 200 45
21:21:20 [DEBUG] urllib3.connectionpool: https://api.binance.com:443 "GET /api/v3/ticker/price?symbol=BTCUSDT HTTP/1.1" 200 45
21:21:20 [DEBUG] urllib3.connectionpool: https://api.binance.com:443 "GET /api/v3/ticker/price?symbol=BTCUSDT HTTP/1.1" 200 45
21:21:21 [DEBUG] urllib3.connectionpool: https://api.binance.com:443 "GET /api/v3/ticker/price?symbol=BTCUSDT HTTP/1.1" 200 45
21:21:21 [DEBUG] urllib3.connectionpool: https://api.binance.com:443 "GET /api/v3/ticker/price?symbol=BTCUSDT HTTP/1.1" 200 45
21:21:22 [DEBUG] urllib3.connectionpool: https://api.binance.com:443 "GET /api/v3/ticker/price?symbol=BTCUSDT HTTP/1.1" 200 45
21:21:23 [DEBUG] urllib3.connectionpool: https://api.binance.com:443 "GET /api/v3/ticker/price?symbol=BTCUSDT HTTP/1.1" 200 45
21:21:23 [DEBUG] urllib3.connectionpool: https://api.binance.com:443 "GET /api/v3/ticker/price?symbol=BTCUSDT HTTP/1.1" 200 45
21:21:24 [DEBUG] urllib3.connectionpool: https://api.binance.com:443 "GET /api/v3/ticker/price?symbol=BTCUSDT HTTP/1.1" 200 45
21:21:24 [DEBUG] urllib3.connectionpool: https://api.binance.com:443 "GET /api/v3/ticker/price?symbol=BTCUSDT HTTP/1.1" 200 45
21:21:25 [DEBUG] urllib3.connectionpool: https://api.binance.com:443 "GET /api/v3/ticker/price?symbol=BTCUSDT HTTP/1.1" 200 45
21:21:25 [DEBUG] urllib3.connectionpool: https://api.binance.com:443 "GET /api/v3/ticker/price?symbol=BTCUSDT HTTP/1.1" 200 45
21:21:26 [DEBUG] urllib3.connectionpool: https://api.binance.com:443 "GET /api/v3/ticker/price?symbol=BTCUSDT HTTP/1.1" 200 45
21:21:27 [DEBUG] urllib3.connectionpool: https://api.binance.com:443 "GET /api/v3/ticker/price?symbol=BTCUSDT HTTP/1.1" 200 45
21:21:27 [DEBUG] urllib3.connectionpool: https://api.binance.com:443 "GET /api/v3/ticker/price?symbol=BTCUSDT HTTP/1.1" 200 45
21:21:28 [DEBUG] urllib3.connectionpool: https://api.binance.com:443 "GET /api/v3/ticker/price?symbol=BTCUSDT HTTP/1.1" 200 45
21:21:29 [DEBUG] urllib3.connectionpool: https://api.binance.com:443 "GET /api/v3/ticker/price?symbol=BTCUSDT HTTP/1.1" 200 45
21:21:29 [INFO] __main__: BTC5M HOLDING DOWN | btc=$82021.53 remaining=211s
21:21:29 [DEBUG] urllib3.connectionpool: https://api.binance.com:443 "GET /api/v3/ticker/price?symbol=BTCUSDT HTTP/1.1" 200 45
21:21:29 [INFO] __main__: BTC5M HOLDING DOWN | btc=$82010.03 remaining=210s
21:21:30 [DEBUG] urllib3.connectionpool: https://api.binance.com:443 "GET /api/v3/ticker/price?symbol=BTCUSDT HTTP/1.1" 200 45
21:21:30 [DEBUG] urllib3.connectionpool: https://api.binance.com:443 "GET /api/v3/ticker/price?symbol=BTCUSDT HTTP/1.1" 200 45
21:21:31 [DEBUG] urllib3.connectionpool: https://api.binance.com:443 "GET /api/v3/ticker/price?symbol=BTCUSDT HTTP/1.1" 200 45
21:21:32 [DEBUG] urllib3.connectionpool: https://api.binance.com:443 "GET /api/v3/ticker/price?symbol=BTCUSDT HTTP/1.1" 200 45
21:21:32 [DEBUG] urllib3.connectionpool: https://api.binance.com:443 "GET /api/v3/ticker/price?symbol=BTCUSDT HTTP/1.1" 200 45
21:21:33 [DEBUG] urllib3.connectionpool: https://api.binance.com:443 "GET /api/v3/ticker/price?symbol=BTCUSDT HTTP/1.1" 200 45
21:21:33 [DEBUG] urllib3.connectionpool: https://api.binance.com:443 "GET /api/v3/ticker/price?symbol=BTCUSDT HTTP/1.1" 200 45
21:21:34 [DEBUG] urllib3.connectionpool: https://api.binance.com:443 "GET /api/v3/ticker/price?symbol=BTCUSDT HTTP/1.1" 200 45
21:21:35 [DEBUG] urllib3.connectionpool: https://api.binance.com:443 "GET /api/v3/ticker/price?symbol=BTCUSDT HTTP/1.1" 200 45
21:21:35 [DEBUG] urllib3.connectionpool: https://api.binance.com:443 "GET /api/v3/ticker/price?symbol=BTCUSDT HTTP/1.1" 200 45
21:21:36 [DEBUG] urllib3.connectionpool: https://api.binance.com:443 "GET /api/v3/ticker/price?symbol=BTCUSDT HTTP/1.1" 200 45
21:21:36 [DEBUG] urllib3.connectionpool: https://api.binance.com:443 "GET /api/v3/ticker/price?symbol=BTCUSDT HTTP/1.1" 200 45
21:21:37 [DEBUG] urllib3.connectionpool: https://api.binance.com:443 "GET /api/v3/ticker/price?symbol=BTCUSDT HTTP/1.1" 200 45
21:21:38 [DEBUG] urllib3.connectionpool: https://api.binance.com:443 "GET /api/v3/ticker/price?symbol=BTCUSDT HTTP/1.1" 200 45
21:21:39 [DEBUG] urllib3.connectionpool: https://api.binance.com:443 "GET /api/v3/ticker/price?symbol=BTCUSDT HTTP/1.1" 200 45
21:21:39 [DEBUG] urllib3.connectionpool: https://api.binance.com:443 "GET /api/v3/ticker/price?symbol=BTCUSDT HTTP/1.1" 200 45
21:21:40 [DEBUG] urllib3.connectionpool: https://api.binance.com:443 "GET /api/v3/ticker/price?symbol=BTCUSDT HTTP/1.1" 200 45
21:21:41 [DEBUG] urllib3.connectionpool: https://api.binance.com:443 "GET /api/v3/ticker/price?symbol=BTCUSDT HTTP/1.1" 200 45
21:21:41 [DEBUG] urllib3.connectionpool: https://api.binance.com:443 "GET /api/v3/ticker/price?symbol=BTCUSDT HTTP/1.1" 200 45
21:21:42 [DEBUG] urllib3.connectionpool: https://api.binance.com:443 "GET /api/v3/ticker/price?symbol=BTCUSDT HTTP/1.1" 200 45
21:21:42 [DEBUG] urllib3.connectionpool: https://api.binance.com:443 "GET /api/v3/ticker/price?symbol=BTCUSDT HTTP/1.1" 200 45
21:21:43 [DEBUG] urllib3.connectionpool: https://api.binance.com:443 "GET /api/v3/ticker/price?symbol=BTCUSDT HTTP/1.1" 200 45
21:21:44 [DEBUG] urllib3.connectionpool: https://api.binance.com:443 "GET /api/v3/ticker/price?symbol=BTCUSDT HTTP/1.1" 200 45
21:21:44 [DEBUG] urllib3.connectionpool: https://api.binance.com:443 "GET /api/v3/ticker/price?symbol=BTCUSDT HTTP/1.1" 200 45
21:21:45 [DEBUG] urllib3.connectionpool: https://api.binance.com:443 "GET /api/v3/ticker/price?symbol=BTCUSDT HTTP/1.1" 200 45
21:21:45 [DEBUG] urllib3.connectionpool: https://api.binance.com:443 "GET /api/v3/ticker/price?symbol=BTCUSDT HTTP/1.1" 200 45
21:21:46 [DEBUG] urllib3.connectionpool: https://api.binance.com:443 "GET /api/v3/ticker/price?symbol=BTCUSDT HTTP/1.1" 200 45
21:21:46 [DEBUG] urllib3.connectionpool: https://api.binance.com:443 "GET /api/v3/ticker/price?symbol=BTCUSDT HTTP/1.1" 200 45
21:21:47 [DEBUG] urllib3.connectionpool: https://api.binance.com:443 "GET /api/v3/ticker/price?symbol=BTCUSDT HTTP/1.1" 200 45
21:21:48 [DEBUG] urllib3.connectionpool: https://api.binance.com:443 "GET /api/v3/ticker/price?symbol=BTCUSDT HTTP/1.1" 200 45
21:21:48 [DEBUG] urllib3.connectionpool: https://api.binance.com:443 "GET /api/v3/ticker/price?symbol=BTCUSDT HTTP/1.1" 200 45
21:21:49 [DEBUG] urllib3.connectionpool: https://api.binance.com:443 "GET /api/v3/ticker/price?symbol=BTCUSDT HTTP/1.1" 200 45
21:21:49 [DEBUG] urllib3.connectionpool: https://api.binance.com:443 "GET /api/v3/ticker/price?symbol=BTCUSDT HTTP/1.1" 200 45
21:21:50 [DEBUG] urllib3.connectionpool: https://api.binance.com:443 "GET /api/v3/ticker/price?symbol=BTCUSDT HTTP/1.1" 200 45
21:21:51 [DEBUG] urllib3.connectionpool: https://api.binance.com:443 "GET /api/v3/ticker/price?symbol=BTCUSDT HTTP/1.1" 200 45
21:21:51 [DEBUG] urllib3.connectionpool: https://api.binance.com:443 "GET /api/v3/ticker/price?symbol=BTCUSDT HTTP/1.1" 200 45
21:21:52 [DEBUG] urllib3.connectionpool: https://api.binance.com:443 "GET /api/v3/ticker/price?symbol=BTCUSDT HTTP/1.1" 200 45
21:21:52 [DEBUG] urllib3.connectionpool: https://api.binance.com:443 "GET /api/v3/ticker/price?symbol=BTCUSDT HTTP/1.1" 200 45
21:21:53 [DEBUG] urllib3.connectionpool: https://api.binance.com:443 "GET /api/v3/ticker/price?symbol=BTCUSDT HTTP/1.1" 200 45
21:21:54 [DEBUG] urllib3.connectionpool: https://api.binance.com:443 "GET /api/v3/ticker/price?symbol=BTCUSDT HTTP/1.1" 200 45
21:21:54 [DEBUG] urllib3.connectionpool: https://api.binance.com:443 "GET /api/v3/ticker/price?symbol=BTCUSDT HTTP/1.1" 200 45
21:21:55 [DEBUG] urllib3.connectionpool: https://api.binance.com:443 "GET /api/v3/ticker/price?symbol=BTCUSDT HTTP/1.1" 200 45
21:21:55 [DEBUG] urllib3.connectionpool: https://api.binance.com:443 "GET /api/v3/ticker/price?symbol=BTCUSDT HTTP/1.1" 200 45
21:21:56 [DEBUG] urllib3.connectionpool: https://api.binance.com:443 "GET /api/v3/ticker/price?symbol=BTCUSDT HTTP/1.1" 200 45
21:21:56 [DEBUG] urllib3.connectionpool: https://api.binance.com:443 "GET /api/v3/ticker/price?symbol=BTCUSDT HTTP/1.1" 200 45
21:21:57 [DEBUG] urllib3.connectionpool: https://api.binance.com:443 "GET /api/v3/ticker/price?symbol=BTCUSDT HTTP/1.1" 200 45
21:21:58 [DEBUG] urllib3.connectionpool: https://api.binance.com:443 "GET /api/v3/ticker/price?symbol=BTCUSDT HTTP/1.1" 200 45
21:21:58 [DEBUG] urllib3.connectionpool: https://api.binance.com:443 "GET /api/v3/ticker/price?symbol=BTCUSDT HTTP/1.1" 200 45
21:21:59 [DEBUG] urllib3.connectionpool: https://api.binance.com:443 "GET /api/v3/ticker/price?symbol=BTCUSDT HTTP/1.1" 200 45
21:21:59 [INFO] __main__: BTC5M HOLDING DOWN | btc=$82051.22 remaining=181s
21:21:59 [DEBUG] urllib3.connectionpool: https://api.binance.com:443 "GET /api/v3/ticker/price?symbol=BTCUSDT HTTP/1.1" 200 45
21:21:59 [INFO] __main__: BTC5M HOLDING DOWN | btc=$82051.22 remaining=180s
21:22:00 [DEBUG] urllib3.connectionpool: https://api.binance.com:443 "GET /api/v3/ticker/price?symbol=BTCUSDT HTTP/1.1" 200 45
21:22:01 [DEBUG] urllib3.connectionpool: https://api.binance.com:443 "GET /api/v3/ticker/price?symbol=BTCUSDT HTTP/1.1" 200 45
21:22:01 [DEBUG] urllib3.connectionpool: https://api.binance.com:443 "GET /api/v3/ticker/price?symbol=BTCUSDT HTTP/1.1" 200 45
21:22:02 [DEBUG] urllib3.connectionpool: https://api.binance.com:443 "GET /api/v3/ticker/price?symbol=BTCUSDT HTTP/1.1" 200 45
21:22:02 [DEBUG] urllib3.connectionpool: https://api.binance.com:443 "GET /api/v3/ticker/price?symbol=BTCUSDT HTTP/1.1" 200 45
21:22:03 [DEBUG] urllib3.connectionpool: https://api.binance.com:443 "GET /api/v3/ticker/price?symbol=BTCUSDT HTTP/1.1" 200 45
21:22:04 [DEBUG] urllib3.connectionpool: https://api.binance.com:443 "GET /api/v3/ticker/price?symbol=BTCUSDT HTTP/1.1" 200 45
21:22:04 [DEBUG] urllib3.connectionpool: https://api.binance.com:443 "GET /api/v3/ticker/price?symbol=BTCUSDT HTTP/1.1" 200 45
21:22:05 [DEBUG] urllib3.connectionpool: https://api.binance.com:443 "GET /api/v3/ticker/price?symbol=BTCUSDT HTTP/1.1" 200 45
21:22:05 [DEBUG] urllib3.connectionpool: https://api.binance.com:443 "GET /api/v3/ticker/price?symbol=BTCUSDT HTTP/1.1" 200 45
21:22:06 [DEBUG] urllib3.connectionpool: https://api.binance.com:443 "GET /api/v3/ticker/price?symbol=BTCUSDT HTTP/1.1" 200 45
21:22:06 [DEBUG] urllib3.connectionpool: https://api.binance.com:443 "GET /api/v3/ticker/price?symbol=BTCUSDT HTTP/1.1" 200 45
21:22:07 [DEBUG] urllib3.connectionpool: https://api.binance.com:443 "GET /api/v3/ticker/price?symbol=BTCUSDT HTTP/1.1" 200 45
21:22:08 [DEBUG] urllib3.connectionpool: https://api.binance.com:443 "GET /api/v3/ticker/price?symbol=BTCUSDT HTTP/1.1" 200 45
21:22:08 [DEBUG] urllib3.connectionpool: https://api.binance.com:443 "GET /api/v3/ticker/price?symbol=BTCUSDT HTTP/1.1" 200 45
21:22:09 [DEBUG] urllib3.connectionpool: https://api.binance.com:443 "GET /api/v3/ticker/price?symbol=BTCUSDT HTTP/1.1" 200 45
21:22:09 [DEBUG] urllib3.connectionpool: https://api.binance.com:443 "GET /api/v3/ticker/price?symbol=BTCUSDT HTTP/1.1" 200 45
21:22:10 [DEBUG] urllib3.connectionpool: https://api.binance.com:443 "GET /api/v3/ticker/price?symbol=BTCUSDT HTTP/1.1" 200 45
21:22:11 [DEBUG] urllib3.connectionpool: https://api.binance.com:443 "GET /api/v3/ticker/price?symbol=BTCUSDT HTTP/1.1" 200 45
21:22:11 [DEBUG] urllib3.connectionpool: https://api.binance.com:443 "GET /api/v3/ticker/price?symbol=BTCUSDT HTTP/1.1" 200 45
21:22:12 [DEBUG] urllib3.connectionpool: https://api.binance.com:443 "GET /api/v3/ticker/price?symbol=BTCUSDT HTTP/1.1" 200 45
21:22:12 [DEBUG] urllib3.connectionpool: https://api.binance.com:443 "GET /api/v3/ticker/price?symbol=BTCUSDT HTTP/1.1" 200 45
21:22:13 [DEBUG] urllib3.connectionpool: https://api.binance.com:443 "GET /api/v3/ticker/price?symbol=BTCUSDT HTTP/1.1" 200 45
21:22:13 [DEBUG] urllib3.connectionpool: https://api.binance.com:443 "GET /api/v3/ticker/price?symbol=BTCUSDT HTTP/1.1" 200 45
21:22:14 [DEBUG] urllib3.connectionpool: https://api.binance.com:443 "GET /api/v3/ticker/price?symbol=BTCUSDT HTTP/1.1" 200 45
21:22:15 [DEBUG] urllib3.connectionpool: https://api.binance.com:443 "GET /api/v3/ticker/price?symbol=BTCUSDT HTTP/1.1" 200 45
21:22:15 [DEBUG] urllib3.connectionpool: https://api.binance.com:443 "GET /api/v3/ticker/price?symbol=BTCUSDT HTTP/1.1" 200 45
21:22:16 [DEBUG] urllib3.connectionpool: https://api.binance.com:443 "GET /api/v3/ticker/price?symbol=BTCUSDT HTTP/1.1" 200 45
21:22:16 [DEBUG] urllib3.connectionpool: https://api.binance.com:443 "GET /api/v3/ticker/price?symbol=BTCUSDT HTTP/1.1" 200 45
21:22:17 [DEBUG] urllib3.connectionpool: https://api.binance.com:443 "GET /api/v3/ticker/price?symbol=BTCUSDT HTTP/1.1" 200 45
21:22:18 [DEBUG] urllib3.connectionpool: https://api.binance.com:443 "GET /api/v3/ticker/price?symbol=BTCUSDT HTTP/1.1" 200 45
21:22:18 [DEBUG] urllib3.connectionpool: https://api.binance.com:443 "GET /api/v3/ticker/price?symbol=BTCUSDT HTTP/1.1" 200 45
21:22:19 [DEBUG] urllib3.connectionpool: https://api.binance.com:443 "GET /api/v3/ticker/price?symbol=BTCUSDT HTTP/1.1" 200 45
21:22:19 [DEBUG] urllib3.connectionpool: https://api.binance.com:443 "GET /api/v3/ticker/price?symbol=BTCUSDT HTTP/1.1" 200 45
21:22:20 [DEBUG] urllib3.connectionpool: https://api.binance.com:443 "GET /api/v3/ticker/price?symbol=BTCUSDT HTTP/1.1" 200 45
21:22:21 [DEBUG] urllib3.connectionpool: https://api.binance.com:443 "GET /api/v3/ticker/price?symbol=BTCUSDT HTTP/1.1" 200 45
21:22:21 [DEBUG] urllib3.connectionpool: https://api.binance.com:443 "GET /api/v3/ticker/price?symbol=BTCUSDT HTTP/1.1" 200 45
21:22:22 [DEBUG] urllib3.connectionpool: https://api.binance.com:443 "GET /api/v3/ticker/price?symbol=BTCUSDT HTTP/1.1" 200 45
21:22:22 [DEBUG] urllib3.connectionpool: https://api.binance.com:443 "GET /api/v3/ticker/price?symbol=BTCUSDT HTTP/1.1" 200 45
21:22:23 [DEBUG] urllib3.connectionpool: https://api.binance.com:443 "GET /api/v3/ticker/price?symbol=BTCUSDT HTTP/1.1" 200 45
21:22:23 [DEBUG] urllib3.connectionpool: https://api.binance.com:443 "GET /api/v3/ticker/price?symbol=BTCUSDT HTTP/1.1" 200 45
21:22:24 [DEBUG] urllib3.connectionpool: https://api.binance.com:443 "GET /api/v3/ticker/price?symbol=BTCUSDT HTTP/1.1" 200 45
21:22:25 [DEBUG] urllib3.connectionpool: https://api.binance.com:443 "GET /api/v3/ticker/price?symbol=BTCUSDT HTTP/1.1" 200 45
21:22:25 [DEBUG] urllib3.connectionpool: https://api.binance.com:443 "GET /api/v3/ticker/price?symbol=BTCUSDT HTTP/1.1" 200 45
21:22:26 [DEBUG] urllib3.connectionpool: https://api.binance.com:443 "GET /api/v3/ticker/price?symbol=BTCUSDT HTTP/1.1" 200 45
21:22:26 [DEBUG] urllib3.connectionpool: https://api.binance.com:443 "GET /api/v3/ticker/price?symbol=BTCUSDT HTTP/1.1" 200 45
21:22:27 [DEBUG] urllib3.connectionpool: https://api.binance.com:443 "GET /api/v3/ticker/price?symbol=BTCUSDT HTTP/1.1" 200 45
21:22:28 [DEBUG] urllib3.connectionpool: https://api.binance.com:443 "GET /api/v3/ticker/price?symbol=BTCUSDT HTTP/1.1" 200 45
21:22:28 [DEBUG] urllib3.connectionpool: https://api.binance.com:443 "GET /api/v3/ticker/price?symbol=BTCUSDT HTTP/1.1" 200 45
21:22:29 [DEBUG] urllib3.connectionpool: https://api.binance.com:443 "GET /api/v3/ticker/price?symbol=BTCUSDT HTTP/1.1" 200 45
21:22:29 [INFO] __main__: BTC5M HOLDING DOWN | btc=$82031.89 remaining=151s
21:22:29 [DEBUG] urllib3.connectionpool: https://api.binance.com:443 "GET /api/v3/ticker/price?symbol=BTCUSDT HTTP/1.1" 200 45
21:22:29 [INFO] __main__: BTC5M HOLDING DOWN | btc=$82031.89 remaining=150s
21:22:30 [DEBUG] urllib3.connectionpool: https://api.binance.com:443 "GET /api/v3/ticker/price?symbol=BTCUSDT HTTP/1.1" 200 45
21:22:30 [DEBUG] urllib3.connectionpool: https://api.binance.com:443 "GET /api/v3/ticker/price?symbol=BTCUSDT HTTP/1.1" 200 45
21:22:31 [DEBUG] urllib3.connectionpool: https://api.binance.com:443 "GET /api/v3/ticker/price?symbol=BTCUSDT HTTP/1.1" 200 45
21:22:32 [DEBUG] urllib3.connectionpool: https://api.binance.com:443 "GET /api/v3/ticker/price?symbol=BTCUSDT HTTP/1.1" 200 45
21:22:32 [DEBUG] urllib3.connectionpool: https://api.binance.com:443 "GET /api/v3/ticker/price?symbol=BTCUSDT HTTP/1.1" 200 45
21:22:33 [DEBUG] urllib3.connectionpool: https://api.binance.com:443 "GET /api/v3/ticker/price?symbol=BTCUSDT HTTP/1.1" 200 45
21:22:33 [DEBUG] urllib3.connectionpool: https://api.binance.com:443 "GET /api/v3/ticker/price?symbol=BTCUSDT HTTP/1.1" 200 45
21:22:34 [DEBUG] urllib3.connectionpool: https://api.binance.com:443 "GET /api/v3/ticker/price?symbol=BTCUSDT HTTP/1.1" 200 45
21:22:35 [DEBUG] urllib3.connectionpool: https://api.binance.com:443 "GET /api/v3/ticker/price?symbol=BTCUSDT HTTP/1.1" 200 45
21:22:35 [DEBUG] urllib3.connectionpool: https://api.binance.com:443 "GET /api/v3/ticker/price?symbol=BTCUSDT HTTP/1.1" 200 45
21:22:36 [DEBUG] urllib3.connectionpool: https://api.binance.com:443 "GET /api/v3/ticker/price?symbol=BTCUSDT HTTP/1.1" 200 45
21:22:36 [DEBUG] urllib3.connectionpool: https://api.binance.com:443 "GET /api/v3/ticker/price?symbol=BTCUSDT HTTP/1.1" 200 45
21:22:37 [DEBUG] urllib3.connectionpool: https://api.binance.com:443 "GET /api/v3/ticker/price?symbol=BTCUSDT HTTP/1.1" 200 45
21:22:38 [DEBUG] urllib3.connectionpool: https://api.binance.com:443 "GET /api/v3/ticker/price?symbol=BTCUSDT HTTP/1.1" 200 45
21:22:38 [DEBUG] urllib3.connectionpool: https://api.binance.com:443 "GET /api/v3/ticker/price?symbol=BTCUSDT HTTP/1.1" 200 45
21:22:39 [DEBUG] urllib3.connectionpool: https://api.binance.com:443 "GET /api/v3/ticker/price?symbol=BTCUSDT HTTP/1.1" 200 45
21:22:39 [DEBUG] urllib3.connectionpool: https://api.binance.com:443 "GET /api/v3/ticker/price?symbol=BTCUSDT HTTP/1.1" 200 45
21:22:40 [DEBUG] urllib3.connectionpool: https://api.binance.com:443 "GET /api/v3/ticker/price?symbol=BTCUSDT HTTP/1.1" 200 45
21:22:41 [DEBUG] urllib3.connectionpool: https://api.binance.com:443 "GET /api/v3/ticker/price?symbol=BTCUSDT HTTP/1.1" 200 45
21:22:41 [DEBUG] urllib3.connectionpool: https://api.binance.com:443 "GET /api/v3/ticker/price?symbol=BTCUSDT HTTP/1.1" 200 45
21:22:42 [DEBUG] urllib3.connectionpool: https://api.binance.com:443 "GET /api/v3/ticker/price?symbol=BTCUSDT HTTP/1.1" 200 45
21:22:42 [DEBUG] urllib3.connectionpool: https://api.binance.com:443 "GET /api/v3/ticker/price?symbol=BTCUSDT HTTP/1.1" 200 45
21:22:43 [DEBUG] urllib3.connectionpool: https://api.binance.com:443 "GET /api/v3/ticker/price?symbol=BTCUSDT HTTP/1.1" 200 45
21:22:43 [DEBUG] urllib3.connectionpool: https://api.binance.com:443 "GET /api/v3/ticker/price?symbol=BTCUSDT HTTP/1.1" 200 45
21:22:44 [DEBUG] urllib3.connectionpool: https://api.binance.com:443 "GET /api/v3/ticker/price?symbol=BTCUSDT HTTP/1.1" 200 45
21:22:45 [DEBUG] urllib3.connectionpool: https://api.binance.com:443 "GET /api/v3/ticker/price?symbol=BTCUSDT HTTP/1.1" 200 45
21:22:45 [DEBUG] urllib3.connectionpool: https://api.binance.com:443 "GET /api/v3/ticker/price?symbol=BTCUSDT HTTP/1.1" 200 45
21:22:46 [DEBUG] urllib3.connectionpool: https://api.binance.com:443 "GET /api/v3/ticker/price?symbol=BTCUSDT HTTP/1.1" 200 45
21:22:46 [DEBUG] urllib3.connectionpool: https://api.binance.com:443 "GET /api/v3/ticker/price?symbol=BTCUSDT HTTP/1.1" 200 45
21:22:47 [DEBUG] urllib3.connectionpool: https://api.binance.com:443 "GET /api/v3/ticker/price?symbol=BTCUSDT HTTP/1.1" 200 45
21:22:48 [DEBUG] urllib3.connectionpool: https://api.binance.com:443 "GET /api/v3/ticker/price?symbol=BTCUSDT HTTP/1.1" 200 45
21:22:48 [DEBUG] urllib3.connectionpool: https://api.binance.com:443 "GET /api/v3/ticker/price?symbol=BTCUSDT HTTP/1.1" 200 45
21:22:49 [DEBUG] urllib3.connectionpool: https://api.binance.com:443 "GET /api/v3/ticker/price?symbol=BTCUSDT HTTP/1.1" 200 45
21:22:49 [DEBUG] urllib3.connectionpool: https://api.binance.com:443 "GET /api/v3/ticker/price?symbol=BTCUSDT HTTP/1.1" 200 45
21:22:50 [DEBUG] urllib3.connectionpool: https://api.binance.com:443 "GET /api/v3/ticker/price?symbol=BTCUSDT HTTP/1.1" 200 45
21:22:50 [DEBUG] urllib3.connectionpool: https://api.binance.com:443 "GET /api/v3/ticker/price?symbol=BTCUSDT HTTP/1.1" 200 45
21:22:51 [DEBUG] urllib3.connectionpool: https://api.binance.com:443 "GET /api/v3/ticker/price?symbol=BTCUSDT HTTP/1.1" 200 45
21:22:52 [DEBUG] urllib3.connectionpool: https://api.binance.com:443 "GET /api/v3/ticker/price?symbol=BTCUSDT HTTP/1.1" 200 45
21:22:52 [DEBUG] urllib3.connectionpool: https://api.binance.com:443 "GET /api/v3/ticker/price?symbol=BTCUSDT HTTP/1.1" 200 45
21:22:53 [DEBUG] urllib3.connectionpool: https://api.binance.com:443 "GET /api/v3/ticker/price?symbol=BTCUSDT HTTP/1.1" 200 45
21:22:53 [DEBUG] urllib3.connectionpool: https://api.binance.com:443 "GET /api/v3/ticker/price?symbol=BTCUSDT HTTP/1.1" 200 45
21:22:54 [DEBUG] urllib3.connectionpool: https://api.binance.com:443 "GET /api/v3/ticker/price?symbol=BTCUSDT HTTP/1.1" 200 45
21:22:55 [DEBUG] urllib3.connectionpool: https://api.binance.com:443 "GET /api/v3/ticker/price?symbol=BTCUSDT HTTP/1.1" 200 45
21:22:55 [DEBUG] urllib3.connectionpool: https://api.binance.com:443 "GET /api/v3/ticker/price?symbol=BTCUSDT HTTP/1.1" 200 45
21:22:56 [DEBUG] urllib3.connectionpool: https://api.binance.com:443 "GET /api/v3/ticker/price?symbol=BTCUSDT HTTP/1.1" 200 45
21:22:56 [DEBUG] urllib3.connectionpool: https://api.binance.com:443 "GET /api/v3/ticker/price?symbol=BTCUSDT HTTP/1.1" 200 45
21:22:57 [DEBUG] urllib3.connectionpool: https://api.binance.com:443 "GET /api/v3/ticker/price?symbol=BTCUSDT HTTP/1.1" 200 45
21:22:57 [DEBUG] urllib3.connectionpool: https://api.binance.com:443 "GET /api/v3/ticker/price?symbol=BTCUSDT HTTP/1.1" 200 45
21:22:58 [DEBUG] urllib3.connectionpool: https://api.binance.com:443 "GET /api/v3/ticker/price?symbol=BTCUSDT HTTP/1.1" 200 45
21:22:59 [DEBUG] urllib3.connectionpool: https://api.binance.com:443 "GET /api/v3/ticker/price?symbol=BTCUSDT HTTP/1.1" 200 45
21:22:59 [INFO] __main__: BTC5M HOLDING DOWN | btc=$82047.62 remaining=121s
21:22:59 [DEBUG] urllib3.connectionpool: https://api.binance.com:443 "GET /api/v3/ticker/price?symbol=BTCUSDT HTTP/1.1" 200 45
21:22:59 [INFO] __main__: BTC5M HOLDING DOWN | btc=$82047.62 remaining=120s
21:23:00 [DEBUG] urllib3.connectionpool: https://api.binance.com:443 "GET /api/v3/ticker/price?symbol=BTCUSDT HTTP/1.1" 200 45
21:23:00 [DEBUG] urllib3.connectionpool: https://api.binance.com:443 "GET /api/v3/ticker/price?symbol=BTCUSDT HTTP/1.1" 200 45
21:23:01 [DEBUG] urllib3.connectionpool: https://api.binance.com:443 "GET /api/v3/ticker/price?symbol=BTCUSDT HTTP/1.1" 200 45
21:23:02 [DEBUG] urllib3.connectionpool: https://api.binance.com:443 "GET /api/v3/ticker/price?symbol=BTCUSDT HTTP/1.1" 200 45
21:23:02 [DEBUG] urllib3.connectionpool: https://api.binance.com:443 "GET /api/v3/ticker/price?symbol=BTCUSDT HTTP/1.1" 200 45
21:23:03 [DEBUG] urllib3.connectionpool: https://api.binance.com:443 "GET /api/v3/ticker/price?symbol=BTCUSDT HTTP/1.1" 200 45
21:23:03 [DEBUG] urllib3.connectionpool: https://api.binance.com:443 "GET /api/v3/ticker/price?symbol=BTCUSDT HTTP/1.1" 200 45
21:23:04 [DEBUG] urllib3.connectionpool: https://api.binance.com:443 "GET /api/v3/ticker/price?symbol=BTCUSDT HTTP/1.1" 200 45
21:23:04 [DEBUG] urllib3.connectionpool: https://api.binance.com:443 "GET /api/v3/ticker/price?symbol=BTCUSDT HTTP/1.1" 200 45
21:23:05 [DEBUG] urllib3.connectionpool: https://api.binance.com:443 "GET /api/v3/ticker/price?symbol=BTCUSDT HTTP/1.1" 200 45
21:23:06 [DEBUG] urllib3.connectionpool: https://api.binance.com:443 "GET /api/v3/ticker/price?symbol=BTCUSDT HTTP/1.1" 200 45
21:23:06 [DEBUG] urllib3.connectionpool: https://api.binance.com:443 "GET /api/v3/ticker/price?symbol=BTCUSDT HTTP/1.1" 200 45
21:23:07 [DEBUG] urllib3.connectionpool: https://api.binance.com:443 "GET /api/v3/ticker/price?symbol=BTCUSDT HTTP/1.1" 200 45
21:23:07 [DEBUG] urllib3.connectionpool: https://api.binance.com:443 "GET /api/v3/ticker/price?symbol=BTCUSDT HTTP/1.1" 200 45
21:23:08 [DEBUG] urllib3.connectionpool: https://api.binance.com:443 "GET /api/v3/ticker/price?symbol=BTCUSDT HTTP/1.1" 200 45
21:23:09 [DEBUG] urllib3.connectionpool: https://api.binance.com:443 "GET /api/v3/ticker/price?symbol=BTCUSDT HTTP/1.1" 200 45
21:23:09 [DEBUG] urllib3.connectionpool: https://api.binance.com:443 "GET /api/v3/ticker/price?symbol=BTCUSDT HTTP/1.1" 200 45
21:23:10 [DEBUG] urllib3.connectionpool: https://api.binance.com:443 "GET /api/v3/ticker/price?symbol=BTCUSDT HTTP/1.1" 200 45
21:23:11 [DEBUG] urllib3.connectionpool: https://api.binance.com:443 "GET /api/v3/ticker/price?symbol=BTCUSDT HTTP/1.1" 200 45
21:23:11 [DEBUG] urllib3.connectionpool: https://api.binance.com:443 "GET /api/v3/ticker/price?symbol=BTCUSDT HTTP/1.1" 200 45
21:23:12 [DEBUG] urllib3.connectionpool: https://api.binance.com:443 "GET /api/v3/ticker/price?symbol=BTCUSDT HTTP/1.1" 200 45
21:23:12 [DEBUG] urllib3.connectionpool: https://api.binance.com:443 "GET /api/v3/ticker/price?symbol=BTCUSDT HTTP/1.1" 200 45
21:23:13 [DEBUG] urllib3.connectionpool: https://api.binance.com:443 "GET /api/v3/ticker/price?symbol=BTCUSDT HTTP/1.1" 200 45
21:23:14 [DEBUG] urllib3.connectionpool: https://api.binance.com:443 "GET /api/v3/ticker/price?symbol=BTCUSDT HTTP/1.1" 200 45
21:23:14 [DEBUG] urllib3.connectionpool: https://api.binance.com:443 "GET /api/v3/ticker/price?symbol=BTCUSDT HTTP/1.1" 200 45
21:23:15 [DEBUG] urllib3.connectionpool: https://api.binance.com:443 "GET /api/v3/ticker/price?symbol=BTCUSDT HTTP/1.1" 200 45
21:23:15 [DEBUG] urllib3.connectionpool: https://api.binance.com:443 "GET /api/v3/ticker/price?symbol=BTCUSDT HTTP/1.1" 200 45
21:23:16 [DEBUG] urllib3.connectionpool: https://api.binance.com:443 "GET /api/v3/ticker/price?symbol=BTCUSDT HTTP/1.1" 200 45
21:23:17 [DEBUG] urllib3.connectionpool: https://api.binance.com:443 "GET /api/v3/ticker/price?symbol=BTCUSDT HTTP/1.1" 200 45
21:23:17 [DEBUG] urllib3.connectionpool: https://api.binance.com:443 "GET /api/v3/ticker/price?symbol=BTCUSDT HTTP/1.1" 200 45
21:23:18 [DEBUG] urllib3.connectionpool: https://api.binance.com:443 "GET /api/v3/ticker/price?symbol=BTCUSDT HTTP/1.1" 200 45
21:23:18 [DEBUG] urllib3.connectionpool: https://api.binance.com:443 "GET /api/v3/ticker/price?symbol=BTCUSDT HTTP/1.1" 200 45
21:23:19 [DEBUG] urllib3.connectionpool: https://api.binance.com:443 "GET /api/v3/ticker/price?symbol=BTCUSDT HTTP/1.1" 200 45
21:23:20 [DEBUG] urllib3.connectionpool: https://api.binance.com:443 "GET /api/v3/ticker/price?symbol=BTCUSDT HTTP/1.1" 200 45
21:23:20 [DEBUG] urllib3.connectionpool: https://api.binance.com:443 "GET /api/v3/ticker/price?symbol=BTCUSDT HTTP/1.1" 200 45
21:23:21 [DEBUG] urllib3.connectionpool: https://api.binance.com:443 "GET /api/v3/ticker/price?symbol=BTCUSDT HTTP/1.1" 200 45
21:23:21 [DEBUG] urllib3.connectionpool: https://api.binance.com:443 "GET /api/v3/ticker/price?symbol=BTCUSDT HTTP/1.1" 200 45
21:23:22 [DEBUG] urllib3.connectionpool: https://api.binance.com:443 "GET /api/v3/ticker/price?symbol=BTCUSDT HTTP/1.1" 200 45
21:23:23 [DEBUG] urllib3.connectionpool: https://api.binance.com:443 "GET /api/v3/ticker/price?symbol=BTCUSDT HTTP/1.1" 200 45
21:23:23 [DEBUG] urllib3.connectionpool: https://api.binance.com:443 "GET /api/v3/ticker/price?symbol=BTCUSDT HTTP/1.1" 200 45
21:23:24 [DEBUG] urllib3.connectionpool: https://api.binance.com:443 "GET /api/v3/ticker/price?symbol=BTCUSDT HTTP/1.1" 200 45
21:23:25 [DEBUG] urllib3.connectionpool: https://api.binance.com:443 "GET /api/v3/ticker/price?symbol=BTCUSDT HTTP/1.1" 200 45
21:23:25 [DEBUG] urllib3.connectionpool: https://api.binance.com:443 "GET /api/v3/ticker/price?symbol=BTCUSDT HTTP/1.1" 200 45
21:23:26 [DEBUG] urllib3.connectionpool: https://api.binance.com:443 "GET /api/v3/ticker/price?symbol=BTCUSDT HTTP/1.1" 200 45
21:23:27 [DEBUG] urllib3.connectionpool: https://api.binance.com:443 "GET /api/v3/ticker/price?symbol=BTCUSDT HTTP/1.1" 200 45
21:23:27 [DEBUG] urllib3.connectionpool: https://api.binance.com:443 "GET /api/v3/ticker/price?symbol=BTCUSDT HTTP/1.1" 200 45
21:23:28 [DEBUG] urllib3.connectionpool: https://api.binance.com:443 "GET /api/v3/ticker/price?symbol=BTCUSDT HTTP/1.1" 200 45
21:23:28 [DEBUG] urllib3.connectionpool: https://api.binance.com:443 "GET /api/v3/ticker/price?symbol=BTCUSDT HTTP/1.1" 200 45
21:23:29 [DEBUG] urllib3.connectionpool: https://api.binance.com:443 "GET /api/v3/ticker/price?symbol=BTCUSDT HTTP/1.1" 200 45
21:23:29 [INFO] __main__: BTC5M HOLDING DOWN | btc=$82033.37 remaining=91s
21:23:30 [DEBUG] urllib3.connectionpool: https://api.binance.com:443 "GET /api/v3/ticker/price?symbol=BTCUSDT HTTP/1.1" 200 45
21:23:30 [DEBUG] urllib3.connectionpool: https://api.binance.com:443 "GET /api/v3/ticker/price?symbol=BTCUSDT HTTP/1.1" 200 45
21:23:31 [DEBUG] urllib3.connectionpool: https://api.binance.com:443 "GET /api/v3/ticker/price?symbol=BTCUSDT HTTP/1.1" 200 45
21:23:31 [DEBUG] urllib3.connectionpool: https://api.binance.com:443 "GET /api/v3/ticker/price?symbol=BTCUSDT HTTP/1.1" 200 45
21:23:32 [DEBUG] urllib3.connectionpool: https://api.binance.com:443 "GET /api/v3/ticker/price?symbol=BTCUSDT HTTP/1.1" 200 45
21:23:33 [DEBUG] urllib3.connectionpool: https://api.binance.com:443 "GET /api/v3/ticker/price?symbol=BTCUSDT HTTP/1.1" 200 45
21:23:33 [DEBUG] urllib3.connectionpool: https://api.binance.com:443 "GET /api/v3/ticker/price?symbol=BTCUSDT HTTP/1.1" 200 45
21:23:34 [DEBUG] urllib3.connectionpool: https://api.binance.com:443 "GET /api/v3/ticker/price?symbol=BTCUSDT HTTP/1.1" 200 45
21:23:34 [DEBUG] urllib3.connectionpool: https://api.binance.com:443 "GET /api/v3/ticker/price?symbol=BTCUSDT HTTP/1.1" 200 45
21:23:35 [DEBUG] urllib3.connectionpool: https://api.binance.com:443 "GET /api/v3/ticker/price?symbol=BTCUSDT HTTP/1.1" 200 45
21:23:36 [DEBUG] urllib3.connectionpool: https://api.binance.com:443 "GET /api/v3/ticker/price?symbol=BTCUSDT HTTP/1.1" 200 45
21:23:37 [DEBUG] urllib3.connectionpool: https://api.binance.com:443 "GET /api/v3/ticker/price?symbol=BTCUSDT HTTP/1.1" 200 45
21:23:38 [DEBUG] urllib3.connectionpool: https://api.binance.com:443 "GET /api/v3/ticker/price?symbol=BTCUSDT HTTP/1.1" 200 45
21:23:38 [DEBUG] urllib3.connectionpool: https://api.binance.com:443 "GET /api/v3/ticker/price?symbol=BTCUSDT HTTP/1.1" 200 45
21:23:39 [DEBUG] urllib3.connectionpool: https://api.binance.com:443 "GET /api/v3/ticker/price?symbol=BTCUSDT HTTP/1.1" 200 45
21:23:40 [DEBUG] urllib3.connectionpool: https://api.binance.com:443 "GET /api/v3/ticker/price?symbol=BTCUSDT HTTP/1.1" 200 45
21:23:40 [DEBUG] urllib3.connectionpool: https://api.binance.com:443 "GET /api/v3/ticker/price?symbol=BTCUSDT HTTP/1.1" 200 45
21:23:41 [DEBUG] urllib3.connectionpool: https://api.binance.com:443 "GET /api/v3/ticker/price?symbol=BTCUSDT HTTP/1.1" 200 45
21:23:41 [DEBUG] urllib3.connectionpool: https://api.binance.com:443 "GET /api/v3/ticker/price?symbol=BTCUSDT HTTP/1.1" 200 45
21:23:42 [DEBUG] urllib3.connectionpool: https://api.binance.com:443 "GET /api/v3/ticker/price?symbol=BTCUSDT HTTP/1.1" 200 45
21:23:43 [DEBUG] urllib3.connectionpool: https://api.binance.com:443 "GET /api/v3/ticker/price?symbol=BTCUSDT HTTP/1.1" 200 45
21:23:43 [DEBUG] urllib3.connectionpool: https://api.binance.com:443 "GET /api/v3/ticker/price?symbol=BTCUSDT HTTP/1.1" 200 45
21:23:44 [DEBUG] urllib3.connectionpool: https://api.binance.com:443 "GET /api/v3/ticker/price?symbol=BTCUSDT HTTP/1.1" 200 45
21:23:44 [DEBUG] urllib3.connectionpool: https://api.binance.com:443 "GET /api/v3/ticker/price?symbol=BTCUSDT HTTP/1.1" 200 45
21:23:45 [DEBUG] urllib3.connectionpool: https://api.binance.com:443 "GET /api/v3/ticker/price?symbol=BTCUSDT HTTP/1.1" 200 45
21:23:45 [DEBUG] urllib3.connectionpool: https://api.binance.com:443 "GET /api/v3/ticker/price?symbol=BTCUSDT HTTP/1.1" 200 45
21:23:46 [DEBUG] urllib3.connectionpool: https://api.binance.com:443 "GET /api/v3/ticker/price?symbol=BTCUSDT HTTP/1.1" 200 45
21:23:47 [DEBUG] urllib3.connectionpool: https://api.binance.com:443 "GET /api/v3/ticker/price?symbol=BTCUSDT HTTP/1.1" 200 45
21:23:47 [DEBUG] urllib3.connectionpool: https://api.binance.com:443 "GET /api/v3/ticker/price?symbol=BTCUSDT HTTP/1.1" 200 45
21:23:48 [DEBUG] urllib3.connectionpool: https://api.binance.com:443 "GET /api/v3/ticker/price?symbol=BTCUSDT HTTP/1.1" 200 45
21:23:48 [DEBUG] urllib3.connectionpool: https://api.binance.com:443 "GET /api/v3/ticker/price?symbol=BTCUSDT HTTP/1.1" 200 45
21:23:49 [DEBUG] urllib3.connectionpool: https://api.binance.com:443 "GET /api/v3/ticker/price?symbol=BTCUSDT HTTP/1.1" 200 45
21:23:50 [DEBUG] urllib3.connectionpool: https://api.binance.com:443 "GET /api/v3/ticker/price?symbol=BTCUSDT HTTP/1.1" 200 45
21:23:50 [DEBUG] urllib3.connectionpool: https://api.binance.com:443 "GET /api/v3/ticker/price?symbol=BTCUSDT HTTP/1.1" 200 45
21:23:51 [DEBUG] urllib3.connectionpool: https://api.binance.com:443 "GET /api/v3/ticker/price?symbol=BTCUSDT HTTP/1.1" 200 45
21:23:51 [DEBUG] urllib3.connectionpool: https://api.binance.com:443 "GET /api/v3/ticker/price?symbol=BTCUSDT HTTP/1.1" 200 45
21:23:52 [DEBUG] urllib3.connectionpool: https://api.binance.com:443 "GET /api/v3/ticker/price?symbol=BTCUSDT HTTP/1.1" 200 45
21:23:52 [DEBUG] urllib3.connectionpool: https://api.binance.com:443 "GET /api/v3/ticker/price?symbol=BTCUSDT HTTP/1.1" 200 45
21:23:53 [DEBUG] urllib3.connectionpool: https://api.binance.com:443 "GET /api/v3/ticker/price?symbol=BTCUSDT HTTP/1.1" 200 45
21:23:54 [DEBUG] urllib3.connectionpool: https://api.binance.com:443 "GET /api/v3/ticker/price?symbol=BTCUSDT HTTP/1.1" 200 45
21:23:54 [DEBUG] urllib3.connectionpool: https://api.binance.com:443 "GET /api/v3/ticker/price?symbol=BTCUSDT HTTP/1.1" 200 45
21:23:55 [DEBUG] urllib3.connectionpool: https://api.binance.com:443 "GET /api/v3/ticker/price?symbol=BTCUSDT HTTP/1.1" 200 45
21:23:55 [DEBUG] urllib3.connectionpool: https://api.binance.com:443 "GET /api/v3/ticker/price?symbol=BTCUSDT HTTP/1.1" 200 45
21:23:56 [DEBUG] urllib3.connectionpool: https://api.binance.com:443 "GET /api/v3/ticker/price?symbol=BTCUSDT HTTP/1.1" 200 45
21:23:57 [DEBUG] urllib3.connectionpool: https://api.binance.com:443 "GET /api/v3/ticker/price?symbol=BTCUSDT HTTP/1.1" 200 45
21:23:57 [DEBUG] urllib3.connectionpool: https://api.binance.com:443 "GET /api/v3/ticker/price?symbol=BTCUSDT HTTP/1.1" 200 45
21:23:58 [DEBUG] urllib3.connectionpool: https://api.binance.com:443 "GET /api/v3/ticker/price?symbol=BTCUSDT HTTP/1.1" 200 45
21:23:58 [DEBUG] urllib3.connectionpool: https://api.binance.com:443 "GET /api/v3/ticker/price?symbol=BTCUSDT HTTP/1.1" 200 45
21:23:59 [DEBUG] urllib3.connectionpool: https://api.binance.com:443 "GET /api/v3/ticker/price?symbol=BTCUSDT HTTP/1.1" 200 45
21:23:59 [INFO] __main__: BTC5M HOLDING DOWN | btc=$82036.66 remaining=61s
21:23:59 [DEBUG] urllib3.connectionpool: https://api.binance.com:443 "GET /api/v3/ticker/price?symbol=BTCUSDT HTTP/1.1" 200 45
21:23:59 [INFO] __main__: BTC5M HOLDING DOWN | btc=$82036.66 remaining=60s
21:24:00 [DEBUG] urllib3.connectionpool: https://api.binance.com:443 "GET /api/v3/ticker/price?symbol=BTCUSDT HTTP/1.1" 200 45
21:24:01 [DEBUG] urllib3.connectionpool: https://api.binance.com:443 "GET /api/v3/ticker/price?symbol=BTCUSDT HTTP/1.1" 200 45
21:24:01 [DEBUG] urllib3.connectionpool: https://api.binance.com:443 "GET /api/v3/ticker/price?symbol=BTCUSDT HTTP/1.1" 200 45
21:24:02 [DEBUG] urllib3.connectionpool: https://api.binance.com:443 "GET /api/v3/ticker/price?symbol=BTCUSDT HTTP/1.1" 200 45
21:24:02 [DEBUG] urllib3.connectionpool: https://api.binance.com:443 "GET /api/v3/ticker/price?symbol=BTCUSDT HTTP/1.1" 200 45
21:24:03 [DEBUG] urllib3.connectionpool: https://api.binance.com:443 "GET /api/v3/ticker/price?symbol=BTCUSDT HTTP/1.1" 200 45
21:24:04 [DEBUG] urllib3.connectionpool: https://api.binance.com:443 "GET /api/v3/ticker/price?symbol=BTCUSDT HTTP/1.1" 200 45
21:24:04 [DEBUG] urllib3.connectionpool: https://api.binance.com:443 "GET /api/v3/ticker/price?symbol=BTCUSDT HTTP/1.1" 200 45
21:24:05 [DEBUG] urllib3.connectionpool: https://api.binance.com:443 "GET /api/v3/ticker/price?symbol=BTCUSDT HTTP/1.1" 200 45
21:24:05 [DEBUG] urllib3.connectionpool: https://api.binance.com:443 "GET /api/v3/ticker/price?symbol=BTCUSDT HTTP/1.1" 200 45
21:24:06 [DEBUG] urllib3.connectionpool: https://api.binance.com:443 "GET /api/v3/ticker/price?symbol=BTCUSDT HTTP/1.1" 200 45
21:24:06 [DEBUG] urllib3.connectionpool: https://api.binance.com:443 "GET /api/v3/ticker/price?symbol=BTCUSDT HTTP/1.1" 200 45
21:24:07 [DEBUG] urllib3.connectionpool: https://api.binance.com:443 "GET /api/v3/ticker/price?symbol=BTCUSDT HTTP/1.1" 200 45
21:24:08 [DEBUG] urllib3.connectionpool: https://api.binance.com:443 "GET /api/v3/ticker/price?symbol=BTCUSDT HTTP/1.1" 200 45
21:24:08 [DEBUG] urllib3.connectionpool: https://api.binance.com:443 "GET /api/v3/ticker/price?symbol=BTCUSDT HTTP/1.1" 200 45
21:24:09 [DEBUG] urllib3.connectionpool: https://api.binance.com:443 "GET /api/v3/ticker/price?symbol=BTCUSDT HTTP/1.1" 200 45
21:24:09 [DEBUG] urllib3.connectionpool: https://api.binance.com:443 "GET /api/v3/ticker/price?symbol=BTCUSDT HTTP/1.1" 200 45
21:24:10 [DEBUG] urllib3.connectionpool: https://api.binance.com:443 "GET /api/v3/ticker/price?symbol=BTCUSDT HTTP/1.1" 200 45
21:24:11 [DEBUG] urllib3.connectionpool: https://api.binance.com:443 "GET /api/v3/ticker/price?symbol=BTCUSDT HTTP/1.1" 200 45
21:24:11 [DEBUG] urllib3.connectionpool: https://api.binance.com:443 "GET /api/v3/ticker/price?symbol=BTCUSDT HTTP/1.1" 200 45
21:24:12 [DEBUG] urllib3.connectionpool: https://api.binance.com:443 "GET /api/v3/ticker/price?symbol=BTCUSDT HTTP/1.1" 200 45
21:24:12 [DEBUG] urllib3.connectionpool: https://api.binance.com:443 "GET /api/v3/ticker/price?symbol=BTCUSDT HTTP/1.1" 200 45
21:24:13 [DEBUG] urllib3.connectionpool: https://api.binance.com:443 "GET /api/v3/ticker/price?symbol=BTCUSDT HTTP/1.1" 200 45
21:24:13 [DEBUG] urllib3.connectionpool: https://api.binance.com:443 "GET /api/v3/ticker/price?symbol=BTCUSDT HTTP/1.1" 200 45
21:24:14 [DEBUG] urllib3.connectionpool: https://api.binance.com:443 "GET /api/v3/ticker/price?symbol=BTCUSDT HTTP/1.1" 200 45
21:24:15 [DEBUG] urllib3.connectionpool: https://api.binance.com:443 "GET /api/v3/ticker/price?symbol=BTCUSDT HTTP/1.1" 200 45
21:24:15 [DEBUG] urllib3.connectionpool: https://api.binance.com:443 "GET /api/v3/ticker/price?symbol=BTCUSDT HTTP/1.1" 200 45
21:24:16 [DEBUG] urllib3.connectionpool: https://api.binance.com:443 "GET /api/v3/ticker/price?symbol=BTCUSDT HTTP/1.1" 200 45
21:24:16 [DEBUG] urllib3.connectionpool: https://api.binance.com:443 "GET /api/v3/ticker/price?symbol=BTCUSDT HTTP/1.1" 200 45
21:24:17 [DEBUG] urllib3.connectionpool: https://api.binance.com:443 "GET /api/v3/ticker/price?symbol=BTCUSDT HTTP/1.1" 200 45
21:24:18 [DEBUG] urllib3.connectionpool: https://api.binance.com:443 "GET /api/v3/ticker/price?symbol=BTCUSDT HTTP/1.1" 200 45
21:24:18 [DEBUG] urllib3.connectionpool: https://api.binance.com:443 "GET /api/v3/ticker/price?symbol=BTCUSDT HTTP/1.1" 200 45
21:24:19 [DEBUG] urllib3.connectionpool: https://api.binance.com:443 "GET /api/v3/ticker/price?symbol=BTCUSDT HTTP/1.1" 200 45
21:24:19 [DEBUG] urllib3.connectionpool: https://api.binance.com:443 "GET /api/v3/ticker/price?symbol=BTCUSDT HTTP/1.1" 200 45
21:24:20 [DEBUG] urllib3.connectionpool: https://api.binance.com:443 "GET /api/v3/ticker/price?symbol=BTCUSDT HTTP/1.1" 200 45
21:24:21 [DEBUG] urllib3.connectionpool: https://api.binance.com:443 "GET /api/v3/ticker/price?symbol=BTCUSDT HTTP/1.1" 200 45
21:24:21 [DEBUG] urllib3.connectionpool: https://api.binance.com:443 "GET /api/v3/ticker/price?symbol=BTCUSDT HTTP/1.1" 200 45
21:24:22 [INFO] __main__: ============================================================
21:24:22 [INFO] __main__: BTC 5-Minute Strategy Summary
21:24:22 [INFO] __main__:   Total trades: 2
21:24:22 [INFO] __main__:   Wins: 1  Losses: 0
21:24:22 [INFO] __main__:   Win rate: 50.0%
21:24:22 [INFO] __main__:   Daily PnL: $0.00
21:24:22 [INFO] __main__: ============================================================
